policy,noise_type,noise_level,seed,mean_loss,final_abs_theta,final_abs_x,max_abs_action,success_final_theta_lt_0p25
linear_near,observation,0.0,0,0.005533962598219544,5.9487594405993605e-08,7.85323895996075e-08,6.184642989740418,True
linear_near,observation,0.0,1,0.005533962598219544,5.9487594405993605e-08,7.85323895996075e-08,6.184642989740418,True
linear_near,observation,0.0,2,0.005533962598219544,5.9487594405993605e-08,7.85323895996075e-08,6.184642989740418,True
linear_near,observation,0.0,3,0.005533962598219544,5.9487594405993605e-08,7.85323895996075e-08,6.184642989740418,True
linear_near,observation,0.0,4,0.005533962598219544,5.9487594405993605e-08,7.85323895996075e-08,6.184642989740418,True
linear_near,observation,0.0,5,0.005533962598219544,5.9487594405993605e-08,7.85323895996075e-08,6.184642989740418,True
linear_near,observation,0.0,6,0.005533962598219544,5.9487594405993605e-08,7.85323895996075e-08,6.184642989740418,True
linear_near,observation,0.0,7,0.005533962598219544,5.9487594405993605e-08,7.85323895996075e-08,6.184642989740418,True
linear_near,observation,0.0,8,0.005533962598219544,5.9487594405993605e-08,7.85323895996075e-08,6.184642989740418,True
linear_near,observation,0.0,9,0.005533962598219544,5.9487594405993605e-08,7.85323895996075e-08,6.184642989740418,True
linear_near,observation,0.0,10,0.005533962598219544,5.9487594405993605e-08,7.85323895996075e-08,6.184642989740418,True
linear_near,observation,0.0,11,0.005533962598219544,5.9487594405993605e-08,7.85323895996075e-08,6.184642989740418,True
linear_near,observation,0.0,12,0.005533962598219544,5.9487594405993605e-08,7.85323895996075e-08,6.184642989740418,True
linear_near,observation,0.0,13,0.005533962598219544,5.9487594405993605e-08,7.85323895996075e-08,6.184642989740418,True
linear_near,observation,0.0,14,0.005533962598219544,5.9487594405993605e-08,7.85323895996075e-08,6.184642989740418,True
linear_near,observation,0.0,15,0.005533962598219544,5.9487594405993605e-08,7.85323895996075e-08,6.184642989740418,True
linear_near,observation,0.0,16,0.005533962598219544,5.9487594405993605e-08,7.85323895996075e-08,6.184642989740418,True
linear_near,observation,0.0,17,0.005533962598219544,5.9487594405993605e-08,7.85323895996075e-08,6.184642989740418,True
linear_near,observation,0.0,18,0.005533962598219544,5.9487594405993605e-08,7.85323895996075e-08,6.184642989740418,True
linear_near,observation,0.0,19,0.005533962598219544,5.9487594405993605e-08,7.85323895996075e-08,6.184642989740418,True
linear_near,observation,0.0,20,0.005533962598219544,5.9487594405993605e-08,7.85323895996075e-08,6.184642989740418,True
linear_near,observation,0.0,21,0.005533962598219544,5.9487594405993605e-08,7.85323895996075e-08,6.184642989740418,True
linear_near,observation,0.0,22,0.005533962598219544,5.9487594405993605e-08,7.85323895996075e-08,6.184642989740418,True
linear_near,observation,0.0,23,0.005533962598219544,5.9487594405993605e-08,7.85323895996075e-08,6.184642989740418,True
linear_near,observation,0.0,24,0.005533962598219544,5.9487594405993605e-08,7.85323895996075e-08,6.184642989740418,True
linear_near,observation,0.0,25,0.005533962598219544,5.9487594405993605e-08,7.85323895996075e-08,6.184642989740418,True
linear_near,observation,0.0,26,0.005533962598219544,5.9487594405993605e-08,7.85323895996075e-08,6.184642989740418,True
linear_near,observation,0.0,27,0.005533962598219544,5.9487594405993605e-08,7.85323895996075e-08,6.184642989740418,True
linear_near,observation,0.0,28,0.005533962598219544,5.9487594405993605e-08,7.85323895996075e-08,6.184642989740418,True
linear_near,observation,0.0,29,0.005533962598219544,5.9487594405993605e-08,7.85323895996075e-08,6.184642989740418,True
linear_near,observation,0.005,0,0.02501401562679906,0.03228070561149021,0.057006749164639665,5.818928787568386,True
linear_near,observation,0.005,1,0.024160149628707512,0.029917630812453577,0.054104351895261686,6.172191229377915,True
linear_near,observation,0.005,2,0.028759964115786858,0.013054062977293057,0.004634860720043423,6.842562732931022,True
linear_near,observation,0.005,3,0.02265604035039322,0.011483150274233633,0.0011996753250123832,6.57659346294336,True
linear_near,observation,0.005,4,0.024606579133963594,0.0680752862239209,0.08423752709152654,6.052757897078252,True
linear_near,observation,0.005,5,0.026284753828521086,0.03048551326528459,0.0005247998091274307,6.636150066509874,True
linear_near,observation,0.005,6,0.02689242049333096,0.014132903341083747,0.05615697046789052,7.260855577318375,True
linear_near,observation,0.005,7,0.031247166020059523,0.026415421027297104,0.06474985594169103,5.203538144866372,True
linear_near,observation,0.005,8,0.02773045560501682,0.028633870317899657,0.02970975007948153,6.135140734735215,True
linear_near,observation,0.005,9,0.021136818017371786,0.027910688648711268,0.030600044893310988,6.806307359634115,True
linear_near,observation,0.005,10,0.02350026483157914,0.004482445063216378,0.06680537703838083,5.9843950000406,True
linear_near,observation,0.005,11,0.030254509205566462,0.000754490527845153,0.0548555301588692,6.815208445315552,True
linear_near,observation,0.005,12,0.025669078107269903,0.03306403144224079,0.025917745824829527,5.855474777138778,True
linear_near,observation,0.005,13,0.021785244183947828,0.032898400065429545,0.06016190273852766,6.838631056659525,True
linear_near,observation,0.005,14,0.027581205242435243,0.03581304258668627,0.039854985212727144,6.598531880049374,True
linear_near,observation,0.005,15,0.03303691880094326,0.023653171403280826,0.0155972006229352,5.806657191969634,True
linear_near,observation,0.005,16,0.024206076065681478,0.00538546751429525,0.017813470538647767,5.81595576689323,True
linear_near,observation,0.005,17,0.0232834664063303,0.015310233646649074,0.021023341893793665,5.942690494380653,True
linear_near,observation,0.005,18,0.027147569437870805,0.010716624717923118,0.008065564572075254,5.779929718571414,True
linear_near,observation,0.005,19,0.025805323941014615,0.03170621251320682,0.038068466877439026,6.285594083288881,True
linear_near,observation,0.005,20,0.025116654233630985,0.0007629878476769214,0.016747803772161556,5.515415673698635,True
linear_near,observation,0.005,21,0.025711574171592765,0.01054065025956552,0.019507719461085676,6.5996256743668305,True
linear_near,observation,0.005,22,0.02651271695886806,0.0028073393308867267,0.0055151493117736134,7.444472365953948,True
linear_near,observation,0.005,23,0.02356207597052606,0.014404584540935517,0.021750602765133954,6.001747692703337,True
linear_near,observation,0.005,24,0.029673497742115272,0.005747355094136264,0.024023476108959458,6.970061571477744,True
linear_near,observation,0.005,25,0.03169920228084557,0.049647933094084884,0.042489667616800834,6.309336484743629,True
linear_near,observation,0.005,26,0.024978367814350772,0.03325261353723752,0.018865338809872467,5.9172175830292195,True
linear_near,observation,0.005,27,0.02766849290661673,0.013734177844717088,0.010378870004685067,6.280876126504631,True
linear_near,observation,0.005,28,0.027591023621621715,0.06639364809108983,0.04075655338081787,6.3050197332164455,True
linear_near,observation,0.005,29,0.027174155565277455,0.006498786639224985,0.009031602278528212,6.680998830348654,True
linear_near,observation,0.01,0,0.07440679849200943,0.07452983127504442,0.12030865816477221,7.402078057045709,True
linear_near,observation,0.01,1,0.070555731544834,0.05693245627872967,0.10265943864920538,10.077905225477313,True
linear_near,observation,0.01,2,0.08197674124626898,0.032011331750370076,0.0032869063889423406,10.689196777538301,True
linear_near,observation,0.01,3,0.06459546531090882,0.01770090167355587,0.002937898889517435,8.301908398237396,True
linear_near,observation,0.01,4,0.06817814426030538,0.12749511299778238,0.16939673249747642,9.259887343686904,True
linear_near,observation,0.01,5,0.07432776408953454,0.06974132410762968,0.011819149409037725,8.319491225173412,True
linear_near,observation,0.01,6,0.07932311502530218,0.027608157351895368,0.1293944713737661,9.379219550708278,True
linear_near,observation,0.01,7,0.0900907569316132,0.045813086336606634,0.12971404371592465,8.29060422000733,True
linear_near,observation,0.01,8,0.08319795563106526,0.05895030592721895,0.06025242874726433,7.671192301368505,True
linear_near,observation,0.01,9,0.060504868938322846,0.04823178631538472,0.0470916609995632,7.5153654278626725,True
linear_near,observation,0.01,10,0.06792351759834092,0.026116528332327693,0.11512989012868376,10.04098500525005,True
linear_near,observation,0.01,11,0.08736745429205044,0.01040957708853174,0.1054777986746246,8.562133844082897,True
linear_near,observation,0.01,12,0.07469063346204796,0.06635894619173177,0.055268735384222556,10.630845604123087,True
linear_near,observation,0.01,13,0.06074167466428599,0.06605118351680517,0.12150454116637102,9.94106635362931,True
linear_near,observation,0.01,14,0.07904217041356515,0.07285751210187907,0.08167164966878222,8.657517885960587,True
linear_near,observation,0.01,15,0.0897400781727682,0.0530355091654906,0.03811299356406982,9.501624944173251,True
linear_near,observation,0.01,16,0.06827335244549622,0.0114590365890197,0.03360591780645219,10.425964436087279,True
linear_near,observation,0.01,17,0.06747292965707716,0.03599273823114446,0.04656635509344312,7.264882006983307,True
linear_near,observation,0.01,18,0.07803098239217365,0.019987787870919593,0.004192759821091048,9.228735887167725,True
linear_near,observation,0.01,19,0.07549926603184313,0.06340503675163989,0.07926900001204176,8.148409451980632,True
linear_near,observation,0.01,20,0.07284511729006354,0.002795951410194064,0.03413726653831556,8.976197675000563,True
linear_near,observation,0.01,21,0.07113055126828088,0.029453932405559602,0.04984228540909368,8.540059096168077,True
linear_near,observation,0.01,22,0.07738703303024869,0.015124816491267179,0.020499701318733736,9.161482140317137,True
linear_near,observation,0.01,23,0.06507780088195453,0.017901383750476008,0.022316700078592565,7.999869830707444,True
linear_near,observation,0.01,24,0.08721835739183974,0.007831099780970074,0.053569684676845856,10.325444675762787,True
linear_near,observation,0.01,25,0.08789541896006597,0.06344575558080079,0.08207720771463103,10.628872411686984,True
linear_near,observation,0.01,26,0.07202600650268401,0.07578629578366192,0.04928377106743138,8.308737237828886,True
linear_near,observation,0.01,27,0.08493444621450823,0.032008961271868586,0.013980932609946447,7.766276031878334,True
linear_near,observation,0.01,28,0.07941621361473249,0.13673982343077284,0.0908724654307308,11.19346516266483,True
linear_near,observation,0.01,29,0.0775805803660887,0.013022511147374072,0.013876274544916736,9.732426751880471,True
linear_near,observation,0.03,0,0.9543440433059105,2.17548215975806,468.2440415571443,20.0,False
linear_near,observation,0.03,1,0.4872921571453607,0.36210825291794624,0.021737320152380224,16.922202808643974,False
linear_near,observation,0.03,2,0.44198871241545995,1.3339447098484651,1.3518155240128868,18.130906917776496,False
linear_near,observation,0.03,3,0.33616138337815793,0.05242964603721578,0.04253052764158132,17.570025898035205,True
linear_near,observation,0.03,4,0.9720412238973847,3.1381282482297985,386.0979763688856,20.0,False
linear_near,observation,0.03,5,0.36494689267482217,0.5241435835107655,0.27225411191407656,16.499868058465154,False
linear_near,observation,0.03,6,0.5805382533383698,0.310854866596566,28.279095112809532,19.999999999556415,False
linear_near,observation,0.03,7,0.9030998007326029,0.05304741670058055,382.70873170676873,20.0,True
linear_near,observation,0.03,8,0.7614599680164779,0.36987428027911085,127.04658381624937,20.0,False
linear_near,observation,0.03,9,0.46353259395736574,2.641338519187644,1.864474527593641,19.99999330394772,False
linear_near,observation,0.03,10,0.33736927252846854,2.2204358280329863,0.3153691835323779,19.99374050111757,False
linear_near,observation,0.03,11,0.8067781953840895,0.11764151624823871,259.85170157614334,20.0,True
linear_near,observation,0.03,12,0.9175970644060419,0.39345129628019615,416.8585799196178,20.0,False
linear_near,observation,0.03,13,0.2994340296067501,0.1938443286871423,0.3608317061400913,16.704777904624386,True
linear_near,observation,0.03,14,0.6628303101671281,2.86381946642312,60.557103267711156,19.999999999983807,False
linear_near,observation,0.03,15,0.5658353755704274,2.7983395850085855,20.402023891947316,19.99999999999457,False
linear_near,observation,0.03,16,0.9460759564408161,0.12491862232068973,186.58745682436285,20.0,True
linear_near,observation,0.03,17,0.3562434745527116,0.40888746769730977,0.5521583131595488,16.033417208711203,False
linear_near,observation,0.03,18,0.7449722904004292,2.618140600367438,169.97945237243232,20.0,False
linear_near,observation,0.03,19,0.8767991624373099,2.758532843788455,183.18747493379416,20.0,False
linear_near,observation,0.03,20,0.7759988546826884,1.0264476343186102,111.2567176208873,20.0,False
linear_near,observation,0.03,21,0.33601765762243685,0.30518413414133727,0.3668354298871792,17.374325587837312,False
linear_near,observation,0.03,22,0.6509793288692924,2.247511653759411,26.718807654520845,20.0,False
linear_near,observation,0.03,23,0.35337777131502945,0.5417511405311295,0.4699253926355534,16.737550889304643,False
linear_near,observation,0.03,24,0.8159098988283285,0.8064908524119847,186.02029936900337,20.0,False
linear_near,observation,0.03,25,0.6631150286020862,0.505931052500562,95.09030252145334,20.0,False
linear_near,observation,0.03,26,0.9580319637471484,0.05773468060120601,441.1987734548172,20.0,True
linear_near,observation,0.03,27,0.89240045228969,0.12023783202757032,317.9848723400726,20.0,True
linear_near,observation,0.03,28,0.9110119139352559,2.6453680878073413,352.74158905372116,20.0,False
linear_near,observation,0.03,29,0.5804761760912329,0.1206621107596697,9.202602672543003,19.999999861676017,True
linear_near,observation,0.06,0,0.9617924579163983,2.512785085214027,440.07294875452567,20.0,False
linear_near,observation,0.06,1,0.9615058706948891,0.9358490855611765,522.4683428372385,20.0,False
linear_near,observation,0.06,2,0.9748922015230265,0.2122966836774558,474.1307975712457,20.0,True
linear_near,observation,0.06,3,0.9471127101474651,2.6351613513033563,398.5377093119974,20.0,False
linear_near,observation,0.06,4,0.9770685264677248,1.9883598710366206,526.8867655165735,20.0,False
linear_near,observation,0.06,5,0.9878085920308607,2.4129145140163715,453.5313627799526,20.0,False
linear_near,observation,0.06,6,0.9489554967794886,1.889330410200131,417.2055965025057,20.0,False
linear_near,observation,0.06,7,0.9812834306434834,2.216717575553443,263.01640237929286,20.0,False
linear_near,observation,0.06,8,0.9388474715905747,0.19129899001340744,360.30186441315556,20.0,True
linear_near,observation,0.06,9,0.9504558901299851,3.0783721735225877,433.7393024715632,20.0,False
linear_near,observation,0.06,10,0.8635034019839708,1.6200400778278454,317.9362014910835,20.0,False
linear_near,observation,0.06,11,0.9945639154653451,1.2865260167056247,578.5463739593459,20.0,False
linear_near,observation,0.06,12,0.981160940680515,1.3434392516882534,434.36008766109,20.0,False
linear_near,observation,0.06,13,0.9614224427286293,2.2337013786802125,416.5682822008377,20.0,False
linear_near,observation,0.06,14,0.9448291479071512,0.11270476988600953,463.6663911291731,20.0,True
linear_near,observation,0.06,15,0.9990945865720763,1.3364197716425248,578.2249854647406,20.0,False
linear_near,observation,0.06,16,0.956207516462393,1.568015608849569,464.8563620364299,20.0,False
linear_near,observation,0.06,17,0.9092660609690186,1.9617369896840353,396.8021104365425,20.0,False
linear_near,observation,0.06,18,0.969013349103644,0.10224669779333517,431.7081249949553,20.0,True
linear_near,observation,0.06,19,0.9300002246826267,0.4891971670266533,413.8491397088276,20.0,False
linear_near,observation,0.06,20,0.9817297424939084,1.0325499142887704,536.4511992368195,20.0,False
linear_near,observation,0.06,21,0.9609522563220746,1.6375033382427295,479.44636524963823,20.0,False
linear_near,observation,0.06,22,0.9807314923935375,0.2922861413669522,482.92465936341176,20.0,False
linear_near,observation,0.06,23,0.8802965279343751,1.192190277793121,310.215973575942,20.0,False
linear_near,observation,0.06,24,0.992777793845172,3.1380927930482176,395.93263530104844,20.0,False
linear_near,observation,0.06,25,0.8919535762295242,2.1466245575116756,329.84630133574683,20.0,False
linear_near,observation,0.06,26,0.9641180022839636,0.9606254431948695,402.07126562053065,20.0,False
linear_near,observation,0.06,27,0.9606541728869132,0.35713079047520857,428.45830885272954,20.0,False
linear_near,observation,0.06,28,0.9767417652756748,2.6791082792330165,526.8298372669486,20.0,False
linear_near,observation,0.06,29,0.9513247416411985,0.11246253902677461,465.3004133926638,20.0,True
linear_near,observation,0.1,0,0.9819831472500197,1.501203479252843,571.7454976239204,20.0,False
linear_near,observation,0.1,1,0.9628550310951659,2.4970930229513453,514.1923803451172,20.0,False
linear_near,observation,0.1,2,0.9887931742313167,1.6483117339530349,538.2085204359851,20.0,False
linear_near,observation,0.1,3,0.9902116472093905,1.5187453813974656,431.27648455789557,20.0,False
linear_near,observation,0.1,4,0.9816506641447973,1.476524543211977,502.40804712171763,20.0,False
linear_near,observation,0.1,5,0.997721515477597,0.1856972709025868,574.0825410112974,20.0,True
linear_near,observation,0.1,6,0.986902052202566,2.262766194927431,562.0567644939007,20.0,False
linear_near,observation,0.1,7,0.9989336626868025,2.3096414754531907,283.7512184058384,20.0,False
linear_near,observation,0.1,8,0.9505713219863313,1.2162088242911597,490.11425957193626,20.0,False
linear_near,observation,0.1,9,0.9796215221597799,1.1383543078217722,499.610969681644,20.0,False
linear_near,observation,0.1,10,0.9534844279041993,1.7404816246742552,348.4379925238079,20.0,False
linear_near,observation,0.1,11,0.9987682860768723,2.2940647824504303,571.515728272879,20.0,False
linear_near,observation,0.1,12,0.9819028582080046,2.3520772176553395,527.3298153999749,20.0,False
linear_near,observation,0.1,13,0.9847420155680476,2.272487889993805,539.9639557921632,20.0,False
linear_near,observation,0.1,14,0.9640337462183892,2.134572129786606,534.5814697375099,20.0,False
linear_near,observation,0.1,15,0.9997831064525355,2.454083484053589,584.2504458838645,20.0,False
linear_near,observation,0.1,16,0.986957411752296,2.1880870596557314,553.4302973960528,20.0,False
linear_near,observation,0.1,17,0.9403658449158804,0.7512278747809082,452.7675936205881,20.0,False
linear_near,observation,0.1,18,0.9858957510853048,1.9175376643951278,537.4685858567003,20.0,False
linear_near,observation,0.1,19,0.9405043121120384,2.3488739635743805,386.50628004400727,20.0,False
linear_near,observation,0.1,20,0.993458775200043,2.3874543044299203,410.4683607544895,20.0,False
linear_near,observation,0.1,21,0.9776903984255,1.9416860654547046,536.5825086235637,20.0,False
linear_near,observation,0.1,22,0.9934020676413152,0.21765022420653724,571.4397216600594,20.0,True
linear_near,observation,0.1,23,0.9664690104902706,1.6363770275631127,530.5033796032095,20.0,False
linear_near,observation,0.1,24,0.9989503518064657,1.599793520951063,573.7551026135071,20.0,False
linear_near,observation,0.1,25,0.9177497109694122,0.20119587259895644,439.3475845444551,20.0,True
linear_near,observation,0.1,26,0.972636230793926,1.1117697225581207,488.2784500236966,20.0,False
linear_near,observation,0.1,27,0.9761995615499375,2.5728271369749205,542.907676741848,20.0,False
linear_near,observation,0.1,28,0.976846490670653,1.3787599303480738,141.140635063497,20.0,False
linear_near,observation,0.1,29,0.9735167134634467,1.581277278696895,337.4431022651044,20.0,False
linear_near,action,0.0,0,0.005533962598219544,5.9487594405993605e-08,7.85323895996075e-08,6.184642989740418,True
linear_near,action,0.0,1,0.005533962598219544,5.9487594405993605e-08,7.85323895996075e-08,6.184642989740418,True
linear_near,action,0.0,2,0.005533962598219544,5.9487594405993605e-08,7.85323895996075e-08,6.184642989740418,True
linear_near,action,0.0,3,0.005533962598219544,5.9487594405993605e-08,7.85323895996075e-08,6.184642989740418,True
linear_near,action,0.0,4,0.005533962598219544,5.9487594405993605e-08,7.85323895996075e-08,6.184642989740418,True
linear_near,action,0.0,5,0.005533962598219544,5.9487594405993605e-08,7.85323895996075e-08,6.184642989740418,True
linear_near,action,0.0,6,0.005533962598219544,5.9487594405993605e-08,7.85323895996075e-08,6.184642989740418,True
linear_near,action,0.0,7,0.005533962598219544,5.9487594405993605e-08,7.85323895996075e-08,6.184642989740418,True
linear_near,action,0.0,8,0.005533962598219544,5.9487594405993605e-08,7.85323895996075e-08,6.184642989740418,True
linear_near,action,0.0,9,0.005533962598219544,5.9487594405993605e-08,7.85323895996075e-08,6.184642989740418,True
linear_near,action,0.0,10,0.005533962598219544,5.9487594405993605e-08,7.85323895996075e-08,6.184642989740418,True
linear_near,action,0.0,11,0.005533962598219544,5.9487594405993605e-08,7.85323895996075e-08,6.184642989740418,True
linear_near,action,0.0,12,0.005533962598219544,5.9487594405993605e-08,7.85323895996075e-08,6.184642989740418,True
linear_near,action,0.0,13,0.005533962598219544,5.9487594405993605e-08,7.85323895996075e-08,6.184642989740418,True
linear_near,action,0.0,14,0.005533962598219544,5.9487594405993605e-08,7.85323895996075e-08,6.184642989740418,True
linear_near,action,0.0,15,0.005533962598219544,5.9487594405993605e-08,7.85323895996075e-08,6.184642989740418,True
linear_near,action,0.0,16,0.005533962598219544,5.9487594405993605e-08,7.85323895996075e-08,6.184642989740418,True
linear_near,action,0.0,17,0.005533962598219544,5.9487594405993605e-08,7.85323895996075e-08,6.184642989740418,True
linear_near,action,0.0,18,0.005533962598219544,5.9487594405993605e-08,7.85323895996075e-08,6.184642989740418,True
linear_near,action,0.0,19,0.005533962598219544,5.9487594405993605e-08,7.85323895996075e-08,6.184642989740418,True
linear_near,action,0.0,20,0.005533962598219544,5.9487594405993605e-08,7.85323895996075e-08,6.184642989740418,True
linear_near,action,0.0,21,0.005533962598219544,5.9487594405993605e-08,7.85323895996075e-08,6.184642989740418,True
linear_near,action,0.0,22,0.005533962598219544,5.9487594405993605e-08,7.85323895996075e-08,6.184642989740418,True
linear_near,action,0.0,23,0.005533962598219544,5.9487594405993605e-08,7.85323895996075e-08,6.184642989740418,True
linear_near,action,0.0,24,0.005533962598219544,5.9487594405993605e-08,7.85323895996075e-08,6.184642989740418,True
linear_near,action,0.0,25,0.005533962598219544,5.9487594405993605e-08,7.85323895996075e-08,6.184642989740418,True
linear_near,action,0.0,26,0.005533962598219544,5.9487594405993605e-08,7.85323895996075e-08,6.184642989740418,True
linear_near,action,0.0,27,0.005533962598219544,5.9487594405993605e-08,7.85323895996075e-08,6.184642989740418,True
linear_near,action,0.0,28,0.005533962598219544,5.9487594405993605e-08,7.85323895996075e-08,6.184642989740418,True
linear_near,action,0.0,29,0.005533962598219544,5.9487594405993605e-08,7.85323895996075e-08,6.184642989740418,True
linear_near,action,0.005,0,0.006070442624855443,0.004077562997459427,0.0020442291738255063,6.056749119873824,True
linear_near,action,0.005,1,0.006028991910580715,0.0014837197470560781,0.00463853966980392,6.000152682882467,True
linear_near,action,0.005,2,0.006055145816088055,0.0038123706797117407,0.002149732405573779,6.038524096286548,True
linear_near,action,0.005,3,0.005988850518269911,0.004029407568233889,0.00992120144144272,6.117689820925399,True
linear_near,action,0.005,4,0.005997583908923874,0.002573654838634365,0.004758905584282164,6.185465025317213,True
linear_near,action,0.005,5,0.0058941975487735165,0.000276731736100988,0.0032956162893090623,6.330535810627573,True
linear_near,action,0.005,6,0.006007864293093575,0.0009146768004977268,0.0008852529652181618,6.344748113698746,True
linear_near,action,0.005,7,0.005928844400570087,0.00021195837019494235,0.003864818058676042,6.18416438866875,True
linear_near,action,0.005,8,0.005898009425262586,0.0027193024764775586,0.008866237062485637,6.125858718739871,True
linear_near,action,0.005,9,0.006018413476829375,0.00246708646926308,0.005267475903958227,6.237680885424917,True
linear_near,action,0.005,10,0.005905542927680394,0.006429269966815365,0.011272809542335937,6.309195516301892,True
linear_near,action,0.005,11,0.005999106165070921,0.003150005251500332,0.010004584303240891,6.195660262765203,True
linear_near,action,0.005,12,0.00621430493801789,0.0006544080879460346,0.013393036797329932,6.392438723409278,True
linear_near,action,0.005,13,0.005935049891892392,0.0047444228878466,0.0035532828152147243,6.181435782117519,True
linear_near,action,0.005,14,0.006086570785375562,0.004335597943151193,0.005337855700159015,6.145673877347968,True
linear_near,action,0.005,15,0.006020388062240464,0.00221892842167426,6.764211738243376e-05,6.09433540515287,True
linear_near,action,0.005,16,0.006020249057247561,0.003250653398019221,0.006510212033601359,6.113390532523755,True
linear_near,action,0.005,17,0.006067389365194313,0.0013418179837954014,0.0009504703754908751,6.18827471461173,True
linear_near,action,0.005,18,0.005978401261535784,0.00013963426466334639,0.00763996595762134,6.170283211984427,True
linear_near,action,0.005,19,0.005965026984499846,0.0065288308901689796,0.00664939846005142,6.21968076758866,True
linear_near,action,0.005,20,0.005976054439116641,0.002473084882239185,0.001842484597705861,6.309383963429381,True
linear_near,action,0.005,21,0.006017145126032603,0.0037703810965115103,0.005149431476169412,6.2043649154371305,True
linear_near,action,0.005,22,0.006029544363267536,0.0010066732055871164,0.0035001730094314956,6.302908920300354,True
linear_near,action,0.005,23,0.0059961664536547265,0.001228734773789597,0.009483895248432166,6.265713911276108,True
linear_near,action,0.005,24,0.006088762638710073,0.0033162672358333367,0.0014368740627180984,6.226259354626653,True
linear_near,action,0.005,25,0.006036590409052554,0.0031283178666230427,0.01066238759474318,6.258631951491949,True
linear_near,action,0.005,26,0.006075426961365149,0.0025727242202675527,0.005660176875791776,6.153803540964648,True
linear_near,action,0.005,27,0.0059896022743430085,0.004987140287474823,0.012836226453664038,6.2280163883473945,True
linear_near,action,0.005,28,0.006035907117221287,0.001929629452374293,0.004481789287904937,6.288796735725819,True
linear_near,action,0.005,29,0.005856593892665359,0.003575040927018769,0.011909253565770933,6.225087617299767,True
linear_near,action,0.01,0,0.007666500315223604,0.008156431575007783,0.004041788717966957,5.92885525000723,True
linear_near,action,0.01,1,0.007510633184640751,0.0029878271611085694,0.009229526445026425,5.815662376024516,True
linear_near,action,0.01,2,0.007608730533132957,0.0076732512262309704,0.004364059223729371,5.892405202832678,True
linear_near,action,0.01,3,0.007340362510846589,0.008067725349235388,0.019845817504077143,6.05073665211038,True
linear_near,action,0.01,4,0.007385187944900267,0.005162139498972262,0.009532684634038788,6.186287060894008,True
linear_near,action,0.01,5,0.006967772771934322,0.000568291133085097,0.006592410409457681,6.47642863151473,True
linear_near,action,0.01,6,0.007414935148131761,0.0018491120208561362,0.00171555540165149,6.504853237657073,True
linear_near,action,0.01,7,0.007111512415367545,0.000407907149750919,0.0077604015030446625,6.1836857875970805,True
linear_near,action,0.01,8,0.006985316441901292,0.005441284283058234,0.01774221599199518,6.067074447739325,True
linear_near,action,0.01,9,0.007454947756694731,0.004953922317985082,0.010600131842636973,6.2907187811094145,True
linear_near,action,0.01,10,0.007013295629591676,0.012859579806400845,0.022554171655267956,6.433748042863366,True
linear_near,action,0.01,11,0.007386444662459147,0.0063118887844093585,0.020026240609282,6.2066775357899875,True
linear_near,action,0.01,12,0.008230521130258829,0.0013181618297295472,0.0268432710440255,6.600234457078138,True
linear_near,action,0.01,13,0.007130200447384835,0.009551175447704896,0.007133250891917123,6.17822857449462,True
linear_near,action,0.01,14,0.007725112943429739,0.00867986704936996,0.010674433214166315,6.106704764955518,True
linear_near,action,0.01,15,0.007468283086128698,0.0044323109783404036,0.00012477936897458788,6.004027820565322,True
linear_near,action,0.01,16,0.007467617911855178,0.006495905561273663,0.012987483586070589,6.042138075307092,True
linear_near,action,0.01,17,0.007650352286053288,0.002675797187667417,0.001894207515958009,6.191906439483042,True
linear_near,action,0.01,18,0.0073006479388780555,0.0002818576765526437,0.015292082479441865,6.155923434228436,True
linear_near,action,0.01,19,0.007248926540736564,0.013059754142173752,0.013280095290327363,6.2547185454369005,True
linear_near,action,0.01,20,0.007295554827745989,0.004988014015905762,0.0036707839294077022,6.434124937118344,True
linear_near,action,0.01,21,0.007459059201366899,0.007527100159283595,0.010297688863912392,6.224086841133842,True
linear_near,action,0.01,22,0.007496648663631892,0.0020210218042584494,0.006992105018980947,6.421174850860289,True
linear_near,action,0.01,23,0.007377341598942438,0.002462473668253029,0.018947693688436063,6.346784832811798,True
linear_near,action,0.01,24,0.007731304598853962,0.006640102740461451,0.0028450313913787294,6.267875719512888,True
linear_near,action,0.01,25,0.007531842242274142,0.006257280114924768,0.021323040052430287,6.3326209132434785,True
linear_near,action,0.01,26,0.007688357025199905,0.005132791457849173,0.011337553068320672,6.122964092188878,True
linear_near,action,0.01,27,0.007350795452843307,0.009969324988952533,0.025679534101979443,6.271389786954371,True
linear_near,action,0.01,28,0.00753305922548028,0.0038692797116945954,0.008953645954039672,6.392950481711221,True
linear_near,action,0.01,29,0.006819140095527473,0.007151957469890835,0.023845852353048844,6.265532244859116,True
linear_near,action,0.03,0,0.023578611235618812,0.0245250386954865,0.011134137642366097,5.417279770540855,True
linear_near,action,0.03,1,0.02263062345850162,0.009420117982946508,0.026555794416420832,5.077701148592712,True
linear_near,action,0.03,2,0.023201492615855687,0.02456623133892588,0.015144844318473473,5.307929629017199,True
linear_near,action,0.03,3,0.021161685965020435,0.02448676204461453,0.05965937045891909,5.782923976850303,True
linear_near,action,0.03,4,0.021349183455886028,0.015976487535735107,0.029110413375867374,6.189575203201189,True
linear_near,action,0.03,5,0.0179096174024126,0.0021861672908323193,0.01980501515144264,7.0599999150633534,True
linear_near,action,0.03,6,0.02176057887105191,0.00617458400882942,0.00329693386565776,7.145273733490384,True
linear_near,action,0.03,7,0.01929802028893216,0.0007407057031194597,0.024175402586212234,6.181771383310407,True
linear_near,action,0.03,8,0.01820470055997318,0.016415853038917128,0.05354047432377047,5.831937363737138,True
linear_near,action,0.03,9,0.0218427349968444,0.01557261883613359,0.033927459480620946,6.502870363847409,True
linear_near,action,0.03,10,0.018399027419496117,0.03860248743410333,0.067939656504501,6.9319581491092634,True
linear_near,action,0.03,11,0.02140365656173321,0.019293943698954763,0.0606045796209399,6.250746627889126,True
linear_near,action,0.03,12,0.02799528239474923,0.004372784099295757,0.08178457273743386,7.4314173917535795,True
linear_near,action,0.03,13,0.019451060287307313,0.030676034394944818,0.02226016314326246,6.165399744003024,True
linear_near,action,0.03,14,0.024037266068078163,0.026321349524330184,0.0324085406915137,5.95082831538572,True
linear_near,action,0.03,15,0.021878919673426166,0.013110174183041945,3.930363218318306e-05,5.642797482215132,True
linear_near,action,0.03,16,0.022124469286360016,0.019529934332909615,0.0383692810235631,5.7571282464404385,True
linear_near,action,0.03,17,0.023378415212615473,0.007820755756252407,0.005470096144661356,6.206433338968291,True
linear_near,action,0.03,18,0.02063803799778762,0.0009230568359344105,0.04626109147318493,6.098484323204471,True
linear_near,action,0.03,19,0.020425061491345115,0.039244895828888016,0.039263827496524156,6.394869656829867,True
linear_near,action,0.03,20,0.020742687109219112,0.016318048730758594,0.0105577128371712,6.933088831874198,True
linear_near,action,0.03,21,0.022165190502346038,0.022070254445737625,0.030832945247964566,6.3029745439206915,True
linear_near,action,0.03,22,0.02245785318107082,0.0063234689086111295,0.0206947954691257,6.89423857310003,True
linear_near,action,0.03,23,0.02130089791438576,0.007519094503560808,0.056125651570502436,6.671068518954557,True
linear_near,action,0.03,24,0.023877611364415616,0.02017487554744246,0.007625882236770654,6.434341179057828,True
linear_near,action,0.03,25,0.022508319074365693,0.018791743946047212,0.06389693163914537,6.628576760249601,True
linear_near,action,0.03,26,0.02382225711259693,0.015014859512310963,0.034502292027938225,5.9996062970858,True
linear_near,action,0.03,27,0.02125842746082058,0.029738198950902905,0.07724465464411794,6.444883381382279,True
linear_near,action,0.03,28,0.022738050836449582,0.011928581001468874,0.026472954672069806,6.8095654656528275,True
linear_near,action,0.03,29,0.016836881658606712,0.021515785129036846,0.07237246223135602,6.427310755096513,True
linear_near,action,0.06,0,0.06803429088913324,0.049557125810494984,0.02057264780411852,8.916062771379945,True
linear_near,action,0.06,1,0.06738881466638556,0.01800374144630279,0.05241929960405306,7.978931628415025,True
linear_near,action,0.06,2,0.06666323525864305,0.0591111540706013,0.04344161555079867,8.203654196173149,True
linear_near,action,0.06,3,0.06227146508327773,0.05089093966963354,0.12048491738388917,7.648681734014605,True
linear_near,action,0.06,4,0.06213319701669338,0.03553146409037922,0.06124492522322904,9.493708062174605,True
linear_near,action,0.06,5,0.050464198010917755,0.007851322725688892,0.03961678688954659,7.935356840386289,True
linear_near,action,0.06,6,0.06367403810741942,0.016303123367241046,0.006595573174119316,8.116685813264315,True
linear_near,action,0.06,7,0.056375048312061755,0.0009662747797172244,0.05187568872674758,7.991298903754717,True
linear_near,action,0.06,8,0.05208769683022347,0.03357295669825566,0.10928582705662981,6.202511492476821,True
linear_near,action,0.06,9,0.06289238728106454,0.03659754576674645,0.08139103637221744,8.520125115844046,True
linear_near,action,0.06,10,0.052210356064591706,0.0771097093543407,0.1376362536718438,7.679273308478108,True
linear_near,action,0.06,11,0.062251973359879705,0.04063527478786311,0.12424876669824378,8.726619197285583,True
linear_near,action,0.06,12,0.08041821988205189,0.013409013391277202,0.16500715509529626,10.426265994598428,True
linear_near,action,0.06,13,0.05644699824892337,0.07527412784109266,0.050361442259887076,7.640142195442572,True
linear_near,action,0.06,14,0.06910633795162846,0.054661294547972084,0.071851616702434,10.185431106729418,True
linear_near,action,0.06,15,0.062206611115678705,0.024913490139257366,0.0022395987397710593,9.580019631455613,True
linear_near,action,0.06,16,0.06575797355363086,0.04190114614856233,0.07889353864194022,8.931595703550625,True
linear_near,action,0.06,17,0.06670266385837807,0.015014237741310943,0.010222916776707057,7.727683852550712,True
linear_near,action,0.06,18,0.059135578601141166,0.002173784032561521,0.09506066644221127,8.818523039216045,True
linear_near,action,0.06,19,0.05999378740950642,0.07889621979701289,0.07533761767048974,7.739414885774955,True
linear_near,action,0.06,20,0.06004111540961726,0.04218003186269881,0.017959144233357625,9.757944354126876,True
linear_near,action,0.06,21,0.06596358088124236,0.0395517116703159,0.06105255043395514,9.16367379344181,True
linear_near,action,0.06,22,0.06696846400385367,0.014419619340487966,0.03925386014804783,8.89893767490538,True
linear_near,action,0.06,23,0.06063026000680553,0.01575793745275167,0.10771894830812066,10.144649417862503,True
linear_near,action,0.06,24,0.06730803170970878,0.04230250334371988,0.009423593410475597,9.805110417020385,True
linear_near,action,0.06,25,0.06424831759171153,0.03763777863047402,0.1270567511555139,8.814949786090246,True
linear_near,action,0.06,26,0.0683297258269071,0.027876294982528638,0.07147606310452538,7.290889659113975,True
linear_near,action,0.06,27,0.06254643618014952,0.05820450090513418,0.15537562621565107,7.547914153388829,True
linear_near,action,0.06,28,0.06808230488816086,0.02588337137375829,0.048968324145948976,8.179829935177082,True
linear_near,action,0.06,29,0.04814967205657347,0.04335446679986932,0.14935053122178235,6.669978520452607,True
linear_near,action,0.1,0,0.14910034924727625,0.08547557252400173,0.029580702009994964,11.973057566821275,True
linear_near,action,0.1,1,0.15517008976083677,0.005302518771674425,0.12012327307395879,12.028927262693529,True
linear_near,action,0.1,2,0.14296224359168314,0.1352513337435619,0.11673551526137232,11.985730252424643,True
linear_near,action,0.1,3,0.14555843535555724,0.09381603211803835,0.2077770638037373,10.82699881980581,True
linear_near,action,0.1,4,0.14771703919810242,0.07874848084698538,0.10701958776847582,15.366793575009705,True
linear_near,action,0.1,5,0.11822577211869927,0.028966141633689713,0.0646781639453913,11.611417388058106,True
linear_near,action,0.1,6,0.14695490491169066,0.03911034696072768,0.05339521617093329,12.948381757256424,True
linear_near,action,0.1,7,0.13105110667702818,0.004625490274649646,0.08110095990933888,11.97812533984303,True
linear_near,action,0.1,8,0.11772620548680371,0.05992320913782212,0.19117671647488071,9.97540596774616,True
linear_near,action,0.1,9,0.1401835903362511,0.07689808761353145,0.17389861556631678,12.47425286776216,True
linear_near,action,0.1,10,0.11557053760727078,0.12532558552019069,0.23355885138883833,10.321543407074843,True
linear_near,action,0.1,11,0.14372398327912866,0.07491933281846652,0.21597536647281873,12.785114260233447,True
linear_near,action,0.1,12,0.17155142118298183,0.04171582296749632,0.2740085971508363,16.345765666969058,True
linear_near,action,0.1,13,0.12680675073192751,0.17908335438101997,0.10557873953804063,11.771901624658677,True
linear_near,action,0.1,14,0.14976161598910714,0.100351631447257,0.13570089137225783,15.816831314321806,True
linear_near,action,0.1,15,0.13468549081079043,0.03681578086585047,0.01270088727768858,13.512198478342043,True
linear_near,action,0.1,16,0.1534712450068167,0.08077493832528804,0.13682586126088161,13.278376597441646,True
linear_near,action,0.1,17,0.14417190603805924,0.0255578592869945,0.019415041187054692,11.757391258521958,True
linear_near,action,0.1,18,0.13270641228436844,0.0029228877087197347,0.16746367596358694,12.392029917079517,True
linear_near,action,0.1,19,0.13519909496225863,0.13287524421755492,0.12024978079914463,11.11007455625651,True
linear_near,action,0.1,20,0.13477081280758949,0.11062518507460517,0.015203553590414033,14.545873094272528,True
linear_near,action,0.1,21,0.15300129857420922,0.04783775731193751,0.10097701702405447,13.582048747681405,True
linear_near,action,0.1,22,0.1526883744247153,0.02908740269035981,0.05561229671131543,12.755736530104661,True
linear_near,action,0.1,23,0.13162629218942254,0.029907948913181492,0.17107083449645666,14.181810567111116,True
linear_near,action,0.1,24,0.14421229034717134,0.08023899172343718,0.006297366958165461,14.899684788393538,True
linear_near,action,0.1,25,0.13707141708295198,0.062080204041849996,0.20821945226680208,13.30604225331447,True
linear_near,action,0.1,26,0.14521170431586664,0.04042922808274918,0.12645595643318092,12.636651732001422,True
linear_near,action,0.1,27,0.1399471692742285,0.09354174885206223,0.2613862258242761,11.531751411555483,True
linear_near,action,0.1,28,0.1688499942432476,0.04992130298105968,0.05874080403896309,13.119797644855534,True
linear_near,action,0.1,29,0.11440907070258154,0.07272639012503346,0.2594263342285746,10.57564962796519,True
linear_near,process,0.0,0,0.005533962598219544,5.9487594405993605e-08,7.85323895996075e-08,6.184642989740418,True
linear_near,process,0.0,1,0.005533962598219544,5.9487594405993605e-08,7.85323895996075e-08,6.184642989740418,True
linear_near,process,0.0,2,0.005533962598219544,5.9487594405993605e-08,7.85323895996075e-08,6.184642989740418,True
linear_near,process,0.0,3,0.005533962598219544,5.9487594405993605e-08,7.85323895996075e-08,6.184642989740418,True
linear_near,process,0.0,4,0.005533962598219544,5.9487594405993605e-08,7.85323895996075e-08,6.184642989740418,True
linear_near,process,0.0,5,0.005533962598219544,5.9487594405993605e-08,7.85323895996075e-08,6.184642989740418,True
linear_near,process,0.0,6,0.005533962598219544,5.9487594405993605e-08,7.85323895996075e-08,6.184642989740418,True
linear_near,process,0.0,7,0.005533962598219544,5.9487594405993605e-08,7.85323895996075e-08,6.184642989740418,True
linear_near,process,0.0,8,0.005533962598219544,5.9487594405993605e-08,7.85323895996075e-08,6.184642989740418,True
linear_near,process,0.0,9,0.005533962598219544,5.9487594405993605e-08,7.85323895996075e-08,6.184642989740418,True
linear_near,process,0.0,10,0.005533962598219544,5.9487594405993605e-08,7.85323895996075e-08,6.184642989740418,True
linear_near,process,0.0,11,0.005533962598219544,5.9487594405993605e-08,7.85323895996075e-08,6.184642989740418,True
linear_near,process,0.0,12,0.005533962598219544,5.9487594405993605e-08,7.85323895996075e-08,6.184642989740418,True
linear_near,process,0.0,13,0.005533962598219544,5.9487594405993605e-08,7.85323895996075e-08,6.184642989740418,True
linear_near,process,0.0,14,0.005533962598219544,5.9487594405993605e-08,7.85323895996075e-08,6.184642989740418,True
linear_near,process,0.0,15,0.005533962598219544,5.9487594405993605e-08,7.85323895996075e-08,6.184642989740418,True
linear_near,process,0.0,16,0.005533962598219544,5.9487594405993605e-08,7.85323895996075e-08,6.184642989740418,True
linear_near,process,0.0,17,0.005533962598219544,5.9487594405993605e-08,7.85323895996075e-08,6.184642989740418,True
linear_near,process,0.0,18,0.005533962598219544,5.9487594405993605e-08,7.85323895996075e-08,6.184642989740418,True
linear_near,process,0.0,19,0.005533962598219544,5.9487594405993605e-08,7.85323895996075e-08,6.184642989740418,True
linear_near,process,0.0,20,0.005533962598219544,5.9487594405993605e-08,7.85323895996075e-08,6.184642989740418,True
linear_near,process,0.0,21,0.005533962598219544,5.9487594405993605e-08,7.85323895996075e-08,6.184642989740418,True
linear_near,process,0.0,22,0.005533962598219544,5.9487594405993605e-08,7.85323895996075e-08,6.184642989740418,True
linear_near,process,0.0,23,0.005533962598219544,5.9487594405993605e-08,7.85323895996075e-08,6.184642989740418,True
linear_near,process,0.0,24,0.005533962598219544,5.9487594405993605e-08,7.85323895996075e-08,6.184642989740418,True
linear_near,process,0.0,25,0.005533962598219544,5.9487594405993605e-08,7.85323895996075e-08,6.184642989740418,True
linear_near,process,0.0,26,0.005533962598219544,5.9487594405993605e-08,7.85323895996075e-08,6.184642989740418,True
linear_near,process,0.0,27,0.005533962598219544,5.9487594405993605e-08,7.85323895996075e-08,6.184642989740418,True
linear_near,process,0.0,28,0.005533962598219544,5.9487594405993605e-08,7.85323895996075e-08,6.184642989740418,True
linear_near,process,0.0,29,0.005533962598219544,5.9487594405993605e-08,7.85323895996075e-08,6.184642989740418,True
linear_near,process,0.005,0,0.01518036220190576,0.02100720829890612,0.13852678747163372,6.184642989740418,True
linear_near,process,0.005,1,0.023313074776441532,0.02116283796680829,0.09013062836050965,6.184642989740418,True
linear_near,process,0.005,2,0.01963947573382062,0.0334397221751761,0.08878970239605094,6.184642989740418,True
linear_near,process,0.005,3,0.017956287740111196,0.016038123405391236,0.008367130182073381,6.184642989740418,True
linear_near,process,0.005,4,0.020971345571166946,0.0993280863369086,0.1600977227956883,6.184642989740418,True
linear_near,process,0.005,5,0.02389766540276046,0.02947601713607817,0.01117902860245865,6.184642989740418,True
linear_near,process,0.005,6,0.02215796559507638,0.02993791569688309,0.06285324224410577,6.184642989740418,True
linear_near,process,0.005,7,0.019615062910508206,0.004496315760718073,0.061721233364652586,6.184642989740418,True
linear_near,process,0.005,8,0.023559505255007017,0.025562754599810056,0.10170975236691403,6.184642989740418,True
linear_near,process,0.005,9,0.02124594545483121,0.02626943048622632,0.08757515099841366,6.184642989740418,True
linear_near,process,0.005,10,0.021422337689468617,0.006990890719181131,0.12628375520640805,6.184642989740418,True
linear_near,process,0.005,11,0.023964135236524395,0.055326723578260406,0.18364993937713087,6.184642989740418,True
linear_near,process,0.005,12,0.022883277383845133,0.0013175329588457352,0.10279497624925678,6.184642989740418,True
linear_near,process,0.005,13,0.01717693493611498,0.00438544297487109,0.045544650128363125,6.184642989740418,True
linear_near,process,0.005,14,0.023428383170486188,0.013643663704941744,0.20159289411532202,6.184642989740418,True
linear_near,process,0.005,15,0.020962898690380847,0.0089323016575924,0.05201415004574302,6.184642989740418,True
linear_near,process,0.005,16,0.01747593747515717,0.021811905193821257,0.05582432293301803,6.184642989740418,True
linear_near,process,0.005,17,0.018840520999810643,0.03740882458664618,0.0854726164128685,6.184642989740418,True
linear_near,process,0.005,18,0.020797815526070625,0.03044761300211629,0.13263100410340573,6.184642989740418,True
linear_near,process,0.005,19,0.026116410388771962,0.0044490472922760205,0.0221057345171838,6.184642989740418,True
linear_near,process,0.005,20,0.018985754571842376,0.06294134455012834,0.01701200084215604,6.184642989740418,True
linear_near,process,0.005,21,0.016524462014196144,0.05432754250235883,0.09971904557612173,6.184642989740418,True
linear_near,process,0.005,22,0.02985900143178447,0.0069534046039798625,0.01188723003101034,6.184642989740418,True
linear_near,process,0.005,23,0.021563894697344026,0.0004945786568217869,0.04672111983119111,6.184642989740418,True
linear_near,process,0.005,24,0.02691276426484412,0.0027426403624657425,0.1352587621869011,6.184642989740418,True
linear_near,process,0.005,25,0.01922869234920753,0.06297200565661853,0.11428786435148328,6.184642989740418,True
linear_near,process,0.005,26,0.018589386058133754,0.01972909236557374,0.0011147515361281599,6.184642989740418,True
linear_near,process,0.005,27,0.023663303503986398,0.05874305365281263,0.11047648297932795,6.184642989740418,True
linear_near,process,0.005,28,0.027079366374302385,0.06997943797223449,0.02407877543283494,6.184642989740418,True
linear_near,process,0.005,29,0.027733212555599466,0.03264438255176705,0.07849045083276585,6.184642989740418,True
linear_near,process,0.01,0,0.046923802592777716,0.04098288918189308,0.27484039618378875,6.184642989740418,True
linear_near,process,0.01,1,0.07682474311531613,0.04198289297227875,0.17675303525541014,6.184642989740418,True
linear_near,process,0.01,2,0.05937702656533948,0.062417681991703056,0.1681647778365415,6.265421805335171,True
linear_near,process,0.01,3,0.051185590025455814,0.0320126317112277,0.017534465737635153,6.184642989740418,True
linear_near,process,0.01,4,0.06300058601138879,0.20471958685049518,0.3222493692963683,6.184642989740418,True
linear_near,process,0.01,5,0.07123463111085465,0.06160755142521923,0.028505357015120917,6.184642989740418,True
linear_near,process,0.01,6,0.06421274707673698,0.061238272745724576,0.12307210026594924,6.184642989740418,True
linear_near,process,0.01,7,0.05831585681430657,0.01346007422205453,0.1150947322721948,6.184642989740418,True
linear_near,process,0.01,8,0.07742469881216235,0.05177501105883753,0.20379343735868552,6.184642989740418,True
linear_near,process,0.01,9,0.060003457724129045,0.04902014989201531,0.16414704254311058,6.184642989740418,True
linear_near,process,0.01,10,0.06321091300113438,0.021166316057454893,0.23855359325518777,6.184642989740418,True
linear_near,process,0.01,11,0.07060441811848175,0.10973596463946578,0.36444044967330624,6.184642989740418,True
linear_near,process,0.01,12,0.07026724668969399,0.003396187074341306,0.20653335843406714,6.184642989740418,True
linear_near,process,0.01,13,0.051126696837648575,0.008317455320848044,0.08961367138577517,6.184642989740418,True
linear_near,process,0.01,14,0.07148816393711722,0.02531659092376559,0.39445440285553635,6.184642989740418,True
linear_near,process,0.01,15,0.06701043635349516,0.016800279054093537,0.10149688776036245,6.23661030906883,True
linear_near,process,0.01,16,0.04847357224708045,0.04374617281044779,0.10963143250592959,6.184642989740418,True
linear_near,process,0.01,17,0.059521477715414634,0.07801732864655397,0.1734990246774064,6.184642989740418,True
linear_near,process,0.01,18,0.06398901711395914,0.06051594708757868,0.26312909299169307,6.184642989740418,True
linear_near,process,0.01,19,0.07950507023571074,0.008714056186155617,0.04373209174308878,6.184642989740418,True
linear_near,process,0.01,20,0.06025347332275414,0.1269062740557967,0.0357860576851779,6.184642989740418,True
linear_near,process,0.01,21,0.04726001171129021,0.11203006266693238,0.2000137978248587,6.184642989740418,True
linear_near,process,0.01,22,0.08869937983629649,0.010776210371826522,0.018064502948630975,6.184642989740418,True
linear_near,process,0.01,23,0.07425920396221002,0.00034149880789735576,0.08823539647555517,6.184642989740418,True
linear_near,process,0.01,24,0.0782016936311499,0.005337073888365573,0.26692420993000604,6.184642989740418,True
linear_near,process,0.01,25,0.0577752846918321,0.1283531268191309,0.23015344232454293,6.184642989740418,True
linear_near,process,0.01,26,0.05440287636581967,0.03768253478566974,0.0040817971829490846,6.184642989740418,True
linear_near,process,0.01,27,0.07597605402356566,0.11819867915126547,0.22235327715004566,6.184642989740418,True
linear_near,process,0.01,28,0.08920569408720656,0.1422357379104886,0.04031514645320606,6.184642989740418,True
linear_near,process,0.01,29,0.087846691442392,0.0662919187625084,0.15419442866293342,6.184642989740418,True
linear_near,process,0.03,0,0.305776784062647,0.09903431182016575,0.7327623616663865,13.006058774945675,True
linear_near,process,0.03,1,0.8474858208951903,0.5679855952317325,70.20291419045847,20.0,False
linear_near,process,0.03,2,0.4255623831145073,0.0014513871529207023,0.17746933057735126,14.945668924452898,True
linear_near,process,0.03,3,0.2968164761530852,0.09480531471789311,0.07593367033439925,12.319146204002875,True
linear_near,process,0.03,4,0.9737988323964278,2.052877753576605,476.7443832418605,20.0,False
linear_near,process,0.03,5,0.38765786668973723,0.25495143024604294,0.23587098683718438,12.229577946827401,False
linear_near,process,0.03,6,0.36808042929524953,0.2560983108718702,0.26557351615641495,12.25006392833441,False
linear_near,process,0.03,7,0.3748744136866734,0.14125669589957202,0.17220087740960643,13.19463258103223,True
linear_near,process,0.03,8,0.4340372373319197,0.1849323980717119,0.6141681775177132,12.933205654381709,True
linear_near,process,0.03,9,0.39506006548365075,1.370868075906615,1.0879006647634717,18.652172741421435,False
linear_near,process,0.03,10,0.3674107131419281,0.5424377598920693,0.20443979636613901,16.916017954063292,False
linear_near,process,0.03,11,0.8056845796117885,1.291934383582053,183.99402775755817,20.0,False
linear_near,process,0.03,12,0.8494788872517511,2.613049696434196,234.82197781697207,20.0,False
linear_near,process,0.03,13,0.31625806546814467,0.010662057720418172,0.19349423024430773,11.693423959612765,True
linear_near,process,0.03,14,0.41455460349755574,0.0378466163808433,0.9859127137442161,14.020906071161427,True
linear_near,process,0.03,15,0.428996568406972,0.055664656645030064,0.29203308621558327,15.693394828131439,True
linear_near,process,0.03,16,0.30625218446350105,0.13606792652040411,0.2711866142659075,14.887257888117635,True
linear_near,process,0.03,17,0.4004642439328287,0.29179451965840064,0.580601962967972,11.443727409698937,False
linear_near,process,0.03,18,0.38685471348807454,0.1885900540658958,0.737858784250375,11.892951681397477,True
linear_near,process,0.03,19,0.6660450743225714,0.10376382813674079,128.96727436755071,20.0,True
linear_near,process,0.03,20,0.3988409463093582,0.41468450031132287,0.16446540138330715,15.934955439394127,False
linear_near,process,0.03,21,0.2766282215968408,0.4417390183278771,0.6034937682882062,12.73349665177128,False
linear_near,process,0.03,22,0.44302822599611286,0.07001327194012319,0.09450031244388023,13.193338614194063,True
linear_near,process,0.03,23,0.44158653480858556,0.02642943046472901,0.19560731277873716,12.074408003313247,True
linear_near,process,0.03,24,0.4558247227892721,0.01898561560786005,0.7246001224496792,15.327230485120886,True
linear_near,process,0.03,25,0.36805267995837543,0.31750129286303297,0.659284330407589,12.387450455054857,False
linear_near,process,0.03,26,0.3363632603890126,0.24208212225885584,0.012068128873491409,12.752829274678065,True
linear_near,process,0.03,27,0.48391574091207656,0.3816935844707121,0.671983943327548,13.894667118304927,False
linear_near,process,0.03,28,0.4956043690893992,0.5689684962975092,0.13118055489026403,13.630751266744499,False
linear_near,process,0.03,29,0.5954405054503443,1.0606870961187314,8.734028193520567,19.99991777783842,False
linear_near,process,0.06,0,0.9719049341691146,2.2871036380949805,491.8218346825004,20.0,False
linear_near,process,0.06,1,0.9570853452508422,0.237122626055692,459.00333145199386,20.0,True
linear_near,process,0.06,2,0.977261170915281,2.788612476005019,361.0408686237509,20.0,False
linear_near,process,0.06,3,0.9369811839567529,1.4736278352040446,410.00278220693167,20.0,False
linear_near,process,0.06,4,0.9860380319851774,0.7487856937115991,271.79363956205475,20.0,False
linear_near,process,0.06,5,0.9816400538676557,1.1294889993620068,429.3968269781094,20.0,False
linear_near,process,0.06,6,0.9669800054406641,1.5061969656642553,251.68147627262425,20.0,False
linear_near,process,0.06,7,0.9516263304008592,2.3398435786551115,370.5358031826547,20.0,False
linear_near,process,0.06,8,0.9212913498496975,1.0341142148707334,47.51678587147752,20.0,False
linear_near,process,0.06,9,0.9708182508460219,1.3237253244091844,485.74564103436717,20.0,False
linear_near,process,0.06,10,0.7982877091422255,0.7201845917505483,28.59693625748322,19.999999999999996,False
linear_near,process,0.06,11,0.9877689694591606,3.051029885761957,340.6160118259084,20.0,False
linear_near,process,0.06,12,0.9461949928887177,0.02005983503539399,442.13139289033614,20.0,True
linear_near,process,0.06,13,0.9219008680766775,0.4838285767559336,413.6370862258721,20.0,False
linear_near,process,0.06,14,0.9619582756693178,1.784573254389568,321.8946358726437,20.0,False
linear_near,process,0.06,15,0.9604171059541691,1.3116989680790354,471.983175688895,20.0,False
linear_near,process,0.06,16,0.9668930627760544,2.4524560556113286,240.38942076093304,20.0,False
linear_near,process,0.06,17,0.9348379301573843,1.839376815303769,441.1603145495371,20.0,False
linear_near,process,0.06,18,0.9629352540995438,2.633639949204989,261.4191520155841,20.0,False
linear_near,process,0.06,19,0.9428734720010064,2.44837129735221,326.39142857381125,20.0,False
linear_near,process,0.06,20,0.975793823572719,1.7916659892530422,440.4616037146309,20.0,False
linear_near,process,0.06,21,0.9577622459228695,0.26265293924512667,527.350331713259,20.0,False
linear_near,process,0.06,22,0.9870506001326466,1.0955310195042554,516.9737373134066,20.0,False
linear_near,process,0.06,23,0.9697949632614729,1.3556817322460466,281.52888264569947,20.0,False
linear_near,process,0.06,24,0.9895499889511854,3.0371528843841435,549.9780325897872,20.0,False
linear_near,process,0.06,25,0.9088548382478507,2.0937670963118373,386.14322398673806,20.0,False
linear_near,process,0.06,26,0.8664746317945705,2.039978535894017,196.3551119577525,20.0,False
linear_near,process,0.06,27,0.9498267348062754,2.166413079578639,354.5927758335325,20.0,False
linear_near,process,0.06,28,0.9658088201670358,2.070949776111438,404.58339326296965,20.0,False
linear_near,process,0.06,29,0.9629735152194917,1.5316311883047824,477.2929436010582,20.0,False
linear_near,process,0.1,0,0.9828334958950173,2.282998016635011,454.5652749067639,20.0,False
linear_near,process,0.1,1,0.9755952846044257,2.5877364382685784,394.6532882872839,20.0,False
linear_near,process,0.1,2,0.9954414259343524,2.495718244924838,544.2502256013659,20.0,False
linear_near,process,0.1,3,0.9721233717398872,0.36633047021626375,202.2779063965525,20.0,False
linear_near,process,0.1,4,0.9899686494085623,0.1396048281998188,506.2280431260344,20.0,True
linear_near,process,0.1,5,0.9928563735849094,2.5293920563493595,576.9872615366602,20.0,False
linear_near,process,0.1,6,0.9922966649461739,2.0555061076235948,443.11358081089503,20.0,False
linear_near,process,0.1,7,0.9701742706276314,0.2660958695744551,128.93962936162194,20.0,False
linear_near,process,0.1,8,0.992265168972881,2.5923094101649227,455.01867158464756,20.0,False
linear_near,process,0.1,9,0.9827819225536069,1.4191212898752652,354.1108479229525,20.0,False
linear_near,process,0.1,10,0.9767930977229982,3.114987945579559,491.2749883969894,20.0,False
linear_near,process,0.1,11,0.9958916491545239,1.7803177158913157,476.4522883886016,20.0,False
linear_near,process,0.1,12,0.991206704378102,2.7422003850023007,297.11584310653546,20.0,False
linear_near,process,0.1,13,0.9601913843395775,2.583708983447399,418.9384997572047,20.0,False
linear_near,process,0.1,14,0.9788999440933304,1.6237016598158074,348.78312209000416,20.0,False
linear_near,process,0.1,15,0.9788698966396735,0.25317707596534955,364.98352933487587,20.0,False
linear_near,process,0.1,16,0.9834626609563366,1.3690737170094405,444.9930175838833,20.0,False
linear_near,process,0.1,17,0.9915234130158724,0.6459547977959983,514.2035916393492,20.0,False
linear_near,process,0.1,18,0.9846193778397433,1.892093890812708,587.7272902197724,20.0,False
linear_near,process,0.1,19,0.9966525863863825,3.13236026907844,415.02991942850053,20.0,False
linear_near,process,0.1,20,0.9908913589972412,2.978722132775439,408.2434932038032,20.0,False
linear_near,process,0.1,21,0.9716886796935932,2.626709434430209,512.2283941982178,20.0,False
linear_near,process,0.1,22,0.9961755575688774,1.1447745378182548,458.5975618117927,20.0,False
linear_near,process,0.1,23,0.9841687536058692,1.6561262429954953,408.81602078643084,20.0,False
linear_near,process,0.1,24,0.9922541296896974,0.7532972858122764,281.9852085861606,20.0,False
linear_near,process,0.1,25,0.9520752280795806,0.3814786586326129,390.69335930390895,20.0,False
linear_near,process,0.1,26,0.8991385277825147,1.4462511761348404,338.9209505803235,20.0,False
linear_near,process,0.1,27,0.9791377892943376,0.661847116125633,352.0340031900402,20.0,False
linear_near,process,0.1,28,0.994773218028722,2.5505167490778993,550.0882686857625,20.0,False
linear_near,process,0.1,29,0.983319275896451,1.138168603938877,453.5756429558324,20.0,False
nonlinear_near,observation,0.0,0,0.005540379788876377,8.323381428532173e-07,5.986922199001699e-06,6.186183121852005,True
nonlinear_near,observation,0.0,1,0.005540379788876377,8.323381428532173e-07,5.986922199001699e-06,6.186183121852005,True
nonlinear_near,observation,0.0,2,0.005540379788876377,8.323381428532173e-07,5.986922199001699e-06,6.186183121852005,True
nonlinear_near,observation,0.0,3,0.005540379788876377,8.323381428532173e-07,5.986922199001699e-06,6.186183121852005,True
nonlinear_near,observation,0.0,4,0.005540379788876377,8.323381428532173e-07,5.986922199001699e-06,6.186183121852005,True
nonlinear_near,observation,0.0,5,0.005540379788876377,8.323381428532173e-07,5.986922199001699e-06,6.186183121852005,True
nonlinear_near,observation,0.0,6,0.005540379788876377,8.323381428532173e-07,5.986922199001699e-06,6.186183121852005,True
nonlinear_near,observation,0.0,7,0.005540379788876377,8.323381428532173e-07,5.986922199001699e-06,6.186183121852005,True
nonlinear_near,observation,0.0,8,0.005540379788876377,8.323381428532173e-07,5.986922199001699e-06,6.186183121852005,True
nonlinear_near,observation,0.0,9,0.005540379788876377,8.323381428532173e-07,5.986922199001699e-06,6.186183121852005,True
nonlinear_near,observation,0.0,10,0.005540379788876377,8.323381428532173e-07,5.986922199001699e-06,6.186183121852005,True
nonlinear_near,observation,0.0,11,0.005540379788876377,8.323381428532173e-07,5.986922199001699e-06,6.186183121852005,True
nonlinear_near,observation,0.0,12,0.005540379788876377,8.323381428532173e-07,5.986922199001699e-06,6.186183121852005,True
nonlinear_near,observation,0.0,13,0.005540379788876377,8.323381428532173e-07,5.986922199001699e-06,6.186183121852005,True
nonlinear_near,observation,0.0,14,0.005540379788876377,8.323381428532173e-07,5.986922199001699e-06,6.186183121852005,True
nonlinear_near,observation,0.0,15,0.005540379788876377,8.323381428532173e-07,5.986922199001699e-06,6.186183121852005,True
nonlinear_near,observation,0.0,16,0.005540379788876377,8.323381428532173e-07,5.986922199001699e-06,6.186183121852005,True
nonlinear_near,observation,0.0,17,0.005540379788876377,8.323381428532173e-07,5.986922199001699e-06,6.186183121852005,True
nonlinear_near,observation,0.0,18,0.005540379788876377,8.323381428532173e-07,5.986922199001699e-06,6.186183121852005,True
nonlinear_near,observation,0.0,19,0.005540379788876377,8.323381428532173e-07,5.986922199001699e-06,6.186183121852005,True
nonlinear_near,observation,0.0,20,0.005540379788876377,8.323381428532173e-07,5.986922199001699e-06,6.186183121852005,True
nonlinear_near,observation,0.0,21,0.005540379788876377,8.323381428532173e-07,5.986922199001699e-06,6.186183121852005,True
nonlinear_near,observation,0.0,22,0.005540379788876377,8.323381428532173e-07,5.986922199001699e-06,6.186183121852005,True
nonlinear_near,observation,0.0,23,0.005540379788876377,8.323381428532173e-07,5.986922199001699e-06,6.186183121852005,True
nonlinear_near,observation,0.0,24,0.005540379788876377,8.323381428532173e-07,5.986922199001699e-06,6.186183121852005,True
nonlinear_near,observation,0.0,25,0.005540379788876377,8.323381428532173e-07,5.986922199001699e-06,6.186183121852005,True
nonlinear_near,observation,0.0,26,0.005540379788876377,8.323381428532173e-07,5.986922199001699e-06,6.186183121852005,True
nonlinear_near,observation,0.0,27,0.005540379788876377,8.323381428532173e-07,5.986922199001699e-06,6.186183121852005,True
nonlinear_near,observation,0.0,28,0.005540379788876377,8.323381428532173e-07,5.986922199001699e-06,6.186183121852005,True
nonlinear_near,observation,0.0,29,0.005540379788876377,8.323381428532173e-07,5.986922199001699e-06,6.186183121852005,True
nonlinear_near,observation,0.005,0,0.02630720407010798,0.02576284043466348,0.04685341479574769,5.736615410095428,True
nonlinear_near,observation,0.005,1,0.026618802069464254,0.037412700893322715,0.05898177827745257,6.237587877542086,True
nonlinear_near,observation,0.005,2,0.029036185444173235,0.025107215549408757,0.006935375850993642,6.948633250169997,True
nonlinear_near,observation,0.005,3,0.023770100771359735,0.007654487951969546,0.003925465788325695,6.503510446690343,True
nonlinear_near,observation,0.005,4,0.024951692867452618,0.08459184706078293,0.08577413736114946,6.067908781924612,True
nonlinear_near,observation,0.005,5,0.02612471018815997,0.0408443494015045,0.008618488714005581,6.6879870352870885,True
nonlinear_near,observation,0.005,6,0.027528887068174177,0.019028266806469407,0.04169340182411002,7.272566345812866,True
nonlinear_near,observation,0.005,7,0.03254026365568764,0.020473853404240128,0.060027234794147385,5.156870583581886,True
nonlinear_near,observation,0.005,8,0.031581149452016274,0.051213017074015266,0.03908873429226309,6.099566542756731,True
nonlinear_near,observation,0.005,9,0.022429186006238704,0.0374523173486061,0.03236466096290908,6.856950665275075,True
nonlinear_near,observation,0.005,10,0.023594676480436897,0.019101229862819924,0.04625016304612516,5.9280671332017,True
nonlinear_near,observation,0.005,11,0.03177703299343542,0.0006343961529866604,0.05386782887642867,6.954083276434826,True
nonlinear_near,observation,0.005,12,0.027411593491537208,0.032193880414734366,0.024805979304657194,5.623500777057357,True
nonlinear_near,observation,0.005,13,0.02288107115376231,0.032028317172728915,0.06167433582315741,6.822452948482192,True
nonlinear_near,observation,0.005,14,0.028586481580586087,0.031246663879950454,0.035868493125406825,6.590673468768617,True
nonlinear_near,observation,0.005,15,0.032171880588674394,0.022907360868965387,0.008562121034106073,5.739710639187921,True
nonlinear_near,observation,0.005,16,0.025876212004364168,0.007823464700928096,0.010213368945001616,6.159903134663837,True
nonlinear_near,observation,0.005,17,0.02417506020772465,0.024597065626807968,0.028772379602956102,5.833401969059616,True
nonlinear_near,observation,0.005,18,0.028555409898541207,0.005112006874496533,0.016288126767818604,5.753818281160096,True
nonlinear_near,observation,0.005,19,0.02600827961635459,0.029494750190797614,0.019872604489024604,6.274627732100299,True
nonlinear_near,observation,0.005,20,0.027640290742513656,0.013125710804724466,0.028359680041776036,6.445835436016205,True
nonlinear_near,observation,0.005,21,0.0269545859396906,0.02806134145207384,0.03190875055186167,6.612509583401077,True
nonlinear_near,observation,0.005,22,0.028201998655394255,0.01918964484930452,0.020156675321783443,7.458269628799207,True
nonlinear_near,observation,0.005,23,0.02406340441802362,0.01642529884043986,0.02186231703020631,5.966879813962338,True
nonlinear_near,observation,0.005,24,0.030135173179275856,0.000985965550928558,0.030969245964133002,7.020697047673733,True
nonlinear_near,observation,0.005,25,0.0325523058431862,0.047641264962236196,0.03435262256168962,6.3387600687736185,True
nonlinear_near,observation,0.005,26,0.02585359427802708,0.03325362945801569,0.022042701659114292,5.938301312937498,True
nonlinear_near,observation,0.005,27,0.03010458141592863,0.016494182913771915,0.003035070620576775,6.2350600907305935,True
nonlinear_near,observation,0.005,28,0.02839673055526414,0.07305059275363313,0.031226722614048828,6.307949294123848,True
nonlinear_near,observation,0.005,29,0.028856166146674717,0.00015472551204265272,0.0022458737610758423,6.730078430592607,True
nonlinear_near,observation,0.01,0,0.07950197085771127,0.05185296160752095,0.09578034556890125,7.723844576748922,True
nonlinear_near,observation,0.01,1,0.0939406305758436,0.09091613139561083,0.12127007312025204,9.200070009477937,True
nonlinear_near,observation,0.01,2,0.08682259743975455,0.04759844369123645,0.022757300298436887,11.174253421343563,True
nonlinear_near,observation,0.01,3,0.07556469724786602,0.009298217058588243,0.010045300111838672,7.713716136652575,True
nonlinear_near,observation,0.01,4,0.07169699869095145,0.16547883756089288,0.17364196853903022,9.146522469166024,True
nonlinear_near,observation,0.01,5,0.08089740667686009,0.10860594431818482,0.024887311877317908,8.52400769868963,True
nonlinear_near,observation,0.01,6,0.08662706162299257,0.020503676722678055,0.13868644145532116,10.8830409604445,True
nonlinear_near,observation,0.01,7,0.09977810273445034,0.04949866564662031,0.1238275925897853,9.273725771308365,True
nonlinear_near,observation,0.01,8,0.10882908372751433,0.11704445629159776,0.08527742360084119,9.593175212982253,True
nonlinear_near,observation,0.01,9,0.07214823688097592,0.06855283171441195,0.037685130092536885,9.639813919433381,True
nonlinear_near,observation,0.01,10,0.07508240421686822,0.11429457028115309,0.0359618558670829,10.265542726128963,True
nonlinear_near,observation,0.01,11,0.09620159431069436,0.001312021080176251,0.10966933541684577,10.631831915874141,True
nonlinear_near,observation,0.01,12,0.08843253307161496,0.06389637526804481,0.04881866593140363,9.668839611875653,True
nonlinear_near,observation,0.01,13,0.06762169501725565,0.066259776956346,0.13577649067882755,9.357441609860377,True
nonlinear_near,observation,0.01,14,0.08787804923949473,0.055872374984066386,0.07997692138093608,8.382753242417857,True
nonlinear_near,observation,0.01,15,0.09372964361479232,0.052355905159912286,0.034147095629030025,9.723192517976342,True
nonlinear_near,observation,0.01,16,0.08206083950668888,0.018595262374667243,0.015489538317318358,12.432234104910782,True
nonlinear_near,observation,0.01,17,0.07028210942818462,0.049829992595844974,0.06778195758332567,7.265554530763358,True
nonlinear_near,observation,0.01,18,0.09405176711448907,0.0029541443059040162,0.033329732187752203,8.928389807860402,True
nonlinear_near,observation,0.01,19,0.08277287315846894,0.0593199781152558,0.03715804820504346,8.180341578087418,True
nonlinear_near,observation,0.01,20,0.08843569246831472,0.0022829889176958496,0.03624518122755579,12.900329417163025,True
nonlinear_near,observation,0.01,21,0.08038446724421396,0.06670465961699712,0.07160231261839589,9.258284173089722,True
nonlinear_near,observation,0.01,22,0.09204653686586352,0.04833901240493388,0.052196656420221886,9.794822639016573,True
nonlinear_near,observation,0.01,23,0.06981540207174233,0.01387727320476051,0.018819500730816053,7.819667260224728,True
nonlinear_near,observation,0.01,24,0.10265222077132362,0.00025557458067071437,0.06609646895326182,9.628580602337824,True
nonlinear_near,observation,0.01,25,0.09677186832813314,0.03941014717778302,0.05568059751609745,11.324982022744978,True
nonlinear_near,observation,0.01,26,0.07874215701177369,0.08833016109762859,0.05637084251561799,8.765922133821755,True
nonlinear_near,observation,0.01,27,0.0951035200853376,0.029810483988669034,0.004160105521945065,8.503618270890861,True
nonlinear_near,observation,0.01,28,0.09139537709726056,0.1406917613007157,0.05712583735999465,11.398037924140983,True
nonlinear_near,observation,0.01,29,0.09228189210261976,0.0006539092355359877,0.008684845881471427,9.438748665026209,True
nonlinear_near,observation,0.03,0,0.809300235682109,2.6924716801725967,9.660205405162998,19.99999999999934,False
nonlinear_near,observation,0.03,1,0.9186373782212922,3.0019315297862317,9.920539390382022,19.99999999999998,False
nonlinear_near,observation,0.03,2,0.870887665821486,3.1223379291318176,11.067943130583613,20.0,False
nonlinear_near,observation,0.03,3,0.9175722871980901,3.034269487555777,12.13942131939208,20.0,False
nonlinear_near,observation,0.03,4,0.9702679333134442,3.1178959752645596,11.64976379678057,20.0,False
nonlinear_near,observation,0.03,5,0.929516700359647,2.436323941423285,9.1218619763612,19.999999999999,False
nonlinear_near,observation,0.03,6,0.9271254663908467,0.11084362829859629,22.79631188011358,20.0,True
nonlinear_near,observation,0.03,7,0.8185553952671862,1.1890340813272609,8.427223569129605,19.99999999999855,False
nonlinear_near,observation,0.03,8,0.7397169341498273,2.8316439034254772,14.02908692455114,20.0,False
nonlinear_near,observation,0.03,9,0.790259058612821,0.9036330757643114,239.16165424630577,20.0,False
nonlinear_near,observation,0.03,10,0.6747342068804215,2.728586206314009,6.968667796259719,19.99999999993716,False
nonlinear_near,observation,0.03,11,0.9906284657968758,1.9666419262115042,576.4544815028084,20.0,False
nonlinear_near,observation,0.03,12,0.9493692800409992,2.7808366000067366,11.039435826637307,19.999999999999996,False
nonlinear_near,observation,0.03,13,0.6564801408369001,1.620516319394424,15.50827829213185,20.0,False
nonlinear_near,observation,0.03,14,0.828299936936573,0.14000073674321012,335.60484621286616,20.0,True
nonlinear_near,observation,0.03,15,0.9648155997166056,3.018925331456499,8.995430991328917,19.999999999999975,False
nonlinear_near,observation,0.03,16,0.9541514153624607,3.014540911489842,14.192772334888106,20.0,False
nonlinear_near,observation,0.03,17,0.6541007335714574,1.3786084088257418,11.552200536884362,20.0,False
nonlinear_near,observation,0.03,18,0.7974780464444676,1.3442375208516815,217.5399035644171,20.0,False
nonlinear_near,observation,0.03,19,0.8629112366445663,2.9226131192362796,8.134650669142788,19.999999999999897,False
nonlinear_near,observation,0.03,20,0.9531985977696874,2.480463455029576,10.02209773415436,19.999999999999996,False
nonlinear_near,observation,0.03,21,0.9177886574163535,3.1247988383065426,10.6635961540621,20.0,False
nonlinear_near,observation,0.03,22,0.9180262181240513,2.9947914040760213,9.959421057182592,20.0,False
nonlinear_near,observation,0.03,23,0.5578244404173811,1.524552995900037,42.7049023812979,20.0,False
nonlinear_near,observation,0.03,24,0.8968173697661993,2.602541075549123,13.007487728834885,20.0,False
nonlinear_near,observation,0.03,25,0.658605056113889,3.0567220690873134,6.3578241486541005,19.999999999374314,False
nonlinear_near,observation,0.03,26,0.9593484669219502,1.9995573067490626,527.8885731391066,20.0,False
nonlinear_near,observation,0.03,27,0.7767403978241303,2.011812270401893,15.532478891244333,20.0,False
nonlinear_near,observation,0.03,28,0.9195986928073225,2.8678328060945386,13.307706963618488,20.0,False
nonlinear_near,observation,0.03,29,0.9293718342259728,2.6788965884394536,10.821499103903536,20.0,False
nonlinear_near,observation,0.06,0,0.9635780872928996,0.8420078336232795,478.9173008809314,20.0,False
nonlinear_near,observation,0.06,1,0.9610374955229772,2.903384239951588,11.068531913547602,20.0,False
nonlinear_near,observation,0.06,2,0.9869417948330493,1.6943892275932235,23.11952570918764,20.0,False
nonlinear_near,observation,0.06,3,0.9573716555852428,2.3141487278166863,12.381722292899525,20.0,False
nonlinear_near,observation,0.06,4,0.9735815668941938,2.9978069090224366,10.608323340798462,20.0,False
nonlinear_near,observation,0.06,5,0.9839498940998769,2.0963948819965523,543.6013785198151,20.0,False
nonlinear_near,observation,0.06,6,0.9767896942000678,2.6083441861451013,9.56070596427991,20.0,False
nonlinear_near,observation,0.06,7,0.973181512587584,2.9595904338417047,12.164630568267754,20.0,False
nonlinear_near,observation,0.06,8,0.9225011609508353,3.0103106332509384,10.378189510488207,20.0,False
nonlinear_near,observation,0.06,9,0.9532810674413656,2.5277488740617446,10.727514170070299,20.0,False
nonlinear_near,observation,0.06,10,0.9887141193824984,1.599047409840944,571.6619378395452,20.0,False
nonlinear_near,observation,0.06,11,0.9980260588557002,0.07654720870777254,566.8576944098438,20.0,True
nonlinear_near,observation,0.06,12,0.9697566580064038,2.2867455046835516,486.2399490992528,20.0,False
nonlinear_near,observation,0.06,13,0.9690706419708167,0.24962674250012817,492.02746477716863,20.0,True
nonlinear_near,observation,0.06,14,0.9441440668143959,0.7436351048004681,21.33047482089491,20.0,False
nonlinear_near,observation,0.06,15,0.9994198022623443,0.227571890941352,25.11205628212062,20.0,True
nonlinear_near,observation,0.06,16,0.9715999650003309,3.015520185899671,483.45957659896817,20.0,False
nonlinear_near,observation,0.06,17,0.9739271433546947,1.363563995000362,531.8130776481581,20.0,False
nonlinear_near,observation,0.06,18,0.9690072774369908,2.3707224227755006,542.3036910130126,20.0,False
nonlinear_near,observation,0.06,19,0.9171201213662714,0.1726687309920627,424.078009255747,20.0,True
nonlinear_near,observation,0.06,20,0.9841422953619211,2.0147122753541535,535.3351335441054,20.0,False
nonlinear_near,observation,0.06,21,0.96013833059383,0.18476818511866622,426.8020234074556,20.0,True
nonlinear_near,observation,0.06,22,0.9861107165661859,2.248010218396928,18.88262744856522,20.0,False
nonlinear_near,observation,0.06,23,0.9640376653443142,3.022219505881032,11.199095767283108,19.999999999999996,False
nonlinear_near,observation,0.06,24,0.9771505560868977,2.7841166326876277,10.193586479475538,20.0,False
nonlinear_near,observation,0.06,25,0.8931726321651945,0.7905701782481787,7.952729985392073,19.999999999999996,False
nonlinear_near,observation,0.06,26,0.9691076213772141,0.0032444661745376635,517.3671644387671,20.0,True
nonlinear_near,observation,0.06,27,0.9499116462532827,2.2249559977764477,9.517723529808269,20.0,False
nonlinear_near,observation,0.06,28,0.9478247890242109,2.4951276061366574,13.028287409093341,20.0,False
nonlinear_near,observation,0.06,29,0.9537325564501449,1.0359227786611935,23.04843682403687,20.0,False
nonlinear_near,observation,0.1,0,0.9972130886572649,2.866459562350367,26.91073802417713,20.0,False
nonlinear_near,observation,0.1,1,0.9646392497809052,0.5256988900360362,19.039927781336804,20.0,False
nonlinear_near,observation,0.1,2,0.9898973264703395,1.0125505223728553,26.34833141272148,20.0,False
nonlinear_near,observation,0.1,3,0.9927770277138718,1.898912536444292,572.5173460949084,20.0,False
nonlinear_near,observation,0.1,4,0.9686000207546998,1.296266017426204,276.09985026582814,20.0,False
nonlinear_near,observation,0.1,5,0.9963478610414811,0.24303496474941166,574.1613707419006,20.0,True
nonlinear_near,observation,0.1,6,0.9873424554708584,1.598203045160953,565.0052968958148,20.0,False
nonlinear_near,observation,0.1,7,0.9986715205735829,0.9523515351069998,12.343534768994083,20.0,False
nonlinear_near,observation,0.1,8,0.9766804150324352,1.1049522512053747,12.202991645968464,20.0,False
nonlinear_near,observation,0.1,9,0.9784046468251909,2.409884872991021,9.801533924857095,20.0,False
nonlinear_near,observation,0.1,10,0.9917355932117727,1.7370860177725032,567.1297169099599,20.0,False
nonlinear_near,observation,0.1,11,0.9989191127312026,1.5251224878950393,560.5830165807649,20.0,False
nonlinear_near,observation,0.1,12,0.9893191669479544,2.3059505392259787,569.6779813827037,20.0,False
nonlinear_near,observation,0.1,13,0.9747339190701745,1.3927184774259338,479.8872744452911,20.0,False
nonlinear_near,observation,0.1,14,0.9546698826575609,2.903215427698578,523.652999044159,20.0,False
nonlinear_near,observation,0.1,15,0.9998187949714104,2.623731219673343,9.457551045373844,20.0,False
nonlinear_near,observation,0.1,16,0.9875077951183018,0.9561080647000102,556.2484054347185,20.0,False
nonlinear_near,observation,0.1,17,0.985837635161496,2.370734631395025,549.6957497982368,20.0,False
nonlinear_near,observation,0.1,18,0.9875981396699365,2.23355641130519,531.156612426572,20.0,False
nonlinear_near,observation,0.1,19,0.9775146640528587,2.8123042799558484,492.926181320147,20.0,False
nonlinear_near,observation,0.1,20,0.9940269599869714,0.911247590913979,12.749350362617648,20.0,False
nonlinear_near,observation,0.1,21,0.9829844589651048,2.188313315392321,13.34657870065335,20.0,False
nonlinear_near,observation,0.1,22,0.9955342668397381,2.031693147538661,579.4159761731107,20.0,False
nonlinear_near,observation,0.1,23,0.9698623731288137,2.245061957154134,19.452482557534996,20.0,False
nonlinear_near,observation,0.1,24,0.9845640418772629,2.931730475573949,561.7807857849847,20.0,False
nonlinear_near,observation,0.1,25,0.9249932580465772,0.3491487493066727,9.790056131843059,20.0,False
nonlinear_near,observation,0.1,26,0.9740804480232078,1.663885156678732,497.4891359080589,20.0,False
nonlinear_near,observation,0.1,27,0.9808898373848136,0.3091375623349091,11.750903192487506,20.0,False
nonlinear_near,observation,0.1,28,0.989434387462807,2.934572563724009,10.266570003916913,20.0,False
nonlinear_near,observation,0.1,29,0.9750632886810481,1.9330714495848689,555.4685788992966,20.0,False
nonlinear_near,action,0.0,0,0.005540379788876377,8.323381428532173e-07,5.986922199001699e-06,6.186183121852005,True
nonlinear_near,action,0.0,1,0.005540379788876377,8.323381428532173e-07,5.986922199001699e-06,6.186183121852005,True
nonlinear_near,action,0.0,2,0.005540379788876377,8.323381428532173e-07,5.986922199001699e-06,6.186183121852005,True
nonlinear_near,action,0.0,3,0.005540379788876377,8.323381428532173e-07,5.986922199001699e-06,6.186183121852005,True
nonlinear_near,action,0.0,4,0.005540379788876377,8.323381428532173e-07,5.986922199001699e-06,6.186183121852005,True
nonlinear_near,action,0.0,5,0.005540379788876377,8.323381428532173e-07,5.986922199001699e-06,6.186183121852005,True
nonlinear_near,action,0.0,6,0.005540379788876377,8.323381428532173e-07,5.986922199001699e-06,6.186183121852005,True
nonlinear_near,action,0.0,7,0.005540379788876377,8.323381428532173e-07,5.986922199001699e-06,6.186183121852005,True
nonlinear_near,action,0.0,8,0.005540379788876377,8.323381428532173e-07,5.986922199001699e-06,6.186183121852005,True
nonlinear_near,action,0.0,9,0.005540379788876377,8.323381428532173e-07,5.986922199001699e-06,6.186183121852005,True
nonlinear_near,action,0.0,10,0.005540379788876377,8.323381428532173e-07,5.986922199001699e-06,6.186183121852005,True
nonlinear_near,action,0.0,11,0.005540379788876377,8.323381428532173e-07,5.986922199001699e-06,6.186183121852005,True
nonlinear_near,action,0.0,12,0.005540379788876377,8.323381428532173e-07,5.986922199001699e-06,6.186183121852005,True
nonlinear_near,action,0.0,13,0.005540379788876377,8.323381428532173e-07,5.986922199001699e-06,6.186183121852005,True
nonlinear_near,action,0.0,14,0.005540379788876377,8.323381428532173e-07,5.986922199001699e-06,6.186183121852005,True
nonlinear_near,action,0.0,15,0.005540379788876377,8.323381428532173e-07,5.986922199001699e-06,6.186183121852005,True
nonlinear_near,action,0.0,16,0.005540379788876377,8.323381428532173e-07,5.986922199001699e-06,6.186183121852005,True
nonlinear_near,action,0.0,17,0.005540379788876377,8.323381428532173e-07,5.986922199001699e-06,6.186183121852005,True
nonlinear_near,action,0.0,18,0.005540379788876377,8.323381428532173e-07,5.986922199001699e-06,6.186183121852005,True
nonlinear_near,action,0.0,19,0.005540379788876377,8.323381428532173e-07,5.986922199001699e-06,6.186183121852005,True
nonlinear_near,action,0.0,20,0.005540379788876377,8.323381428532173e-07,5.986922199001699e-06,6.186183121852005,True
nonlinear_near,action,0.0,21,0.005540379788876377,8.323381428532173e-07,5.986922199001699e-06,6.186183121852005,True
nonlinear_near,action,0.0,22,0.005540379788876377,8.323381428532173e-07,5.986922199001699e-06,6.186183121852005,True
nonlinear_near,action,0.0,23,0.005540379788876377,8.323381428532173e-07,5.986922199001699e-06,6.186183121852005,True
nonlinear_near,action,0.0,24,0.005540379788876377,8.323381428532173e-07,5.986922199001699e-06,6.186183121852005,True
nonlinear_near,action,0.0,25,0.005540379788876377,8.323381428532173e-07,5.986922199001699e-06,6.186183121852005,True
nonlinear_near,action,0.0,26,0.005540379788876377,8.323381428532173e-07,5.986922199001699e-06,6.186183121852005,True
nonlinear_near,action,0.0,27,0.005540379788876377,8.323381428532173e-07,5.986922199001699e-06,6.186183121852005,True
nonlinear_near,action,0.0,28,0.005540379788876377,8.323381428532173e-07,5.986922199001699e-06,6.186183121852005,True
nonlinear_near,action,0.0,29,0.005540379788876377,8.323381428532173e-07,5.986922199001699e-06,6.186183121852005,True
nonlinear_near,action,0.005,0,0.00602275979757437,0.004826549569558747,0.002534022315909137,6.058289251985411,True
nonlinear_near,action,0.005,1,0.006039454042310675,0.0015323852575548358,0.0049652664575318755,6.001692814994054,True
nonlinear_near,action,0.005,2,0.006026819062448397,0.005313431900284549,0.0034363538819195106,6.040064228398135,True
nonlinear_near,action,0.005,3,0.006004472416171152,0.004634875606163824,0.009921388600538416,6.119229953036986,True
nonlinear_near,action,0.005,4,0.006012979324669322,0.002945397244497272,0.004684896197985195,6.1870051574288,True
nonlinear_near,action,0.005,5,0.005892784798938687,1.929824815372072e-05,0.0033219120085760286,6.33207594273916,True
nonlinear_near,action,0.005,6,0.00602956304190907,0.0003279145296670727,0.001040432638825807,6.3462882458103325,True
nonlinear_near,action,0.005,7,0.005952324765713945,0.0010219829198740982,0.0026194157503831683,6.1857045207803365,True
nonlinear_near,action,0.005,8,0.005913475422043098,0.0020558593787414203,0.007896982551753438,6.127398850851458,True
nonlinear_near,action,0.005,9,0.005994027902945451,0.0022855694307506447,0.005253563016885532,6.2392210175365035,True
nonlinear_near,action,0.005,10,0.005890656685589399,0.005948280108638571,0.010100542798529356,6.310735648413479,True
nonlinear_near,action,0.005,11,0.006011215014924654,0.004724252910284665,0.009492148899882097,6.1972003948767895,True
nonlinear_near,action,0.005,12,0.006186822338179124,0.00010631445206765733,0.011935032054087875,6.3939788555208645,True
nonlinear_near,action,0.005,13,0.005926089458819745,0.007307691001148253,0.003917135841153739,6.182975914229106,True
nonlinear_near,action,0.005,14,0.006073716593853481,0.002988732148527351,0.003832938860206417,6.147214009459555,True
nonlinear_near,action,0.005,15,0.0059775786833854375,0.00289372998650661,0.0001586080689076041,6.095875537264457,True
nonlinear_near,action,0.005,16,0.006034363103011553,0.003670550705287212,0.0056174193381854365,6.114930664635342,True
nonlinear_near,action,0.005,17,0.006032054854216438,0.0019995716641241223,0.0019239243609809602,6.1898148467233165,True
nonlinear_near,action,0.005,18,0.005946276736366016,0.0010375525604371383,0.007358322008285293,6.171823344096014,True
nonlinear_near,action,0.005,19,0.005957431797092508,0.00701898944275392,0.006557630224327372,6.2212208997002465,True
nonlinear_near,action,0.005,20,0.005991879978649092,0.0030616793530748865,0.0011698736885047065,6.310924095540968,True
nonlinear_near,action,0.005,21,0.005995302266158433,0.004658669601246501,0.005355522786130544,6.205905047548717,True
nonlinear_near,action,0.005,22,0.006006859353217199,0.0020967749460418794,0.002791148095252148,6.3044490524119405,True
nonlinear_near,action,0.005,23,0.006007304376999616,0.002514315067998929,0.008090436448524167,6.267254043387695,True
nonlinear_near,action,0.005,24,0.006029684917628078,0.004390200904296204,0.0003463434752890549,6.22779948673824,True
nonlinear_near,action,0.005,25,0.006017877069394191,0.0039716044211539625,0.008949440980769727,6.2601720836035355,True
nonlinear_near,action,0.005,26,0.006026147138249858,0.004065764119953741,0.004184414451003347,6.155343673076235,True
nonlinear_near,action,0.005,27,0.005996487503046045,0.0047175288278267224,0.011638270602687918,6.229556520458981,True
nonlinear_near,action,0.005,28,0.00602111916398786,0.0020053704660401017,0.0032341258585098674,6.290336867837406,True
nonlinear_near,action,0.005,29,0.005864613129341454,0.002424780423515127,0.009173783731137966,6.226627749411354,True
nonlinear_near,action,0.01,0,0.007495974212553994,0.009660246386641536,0.005071673499642757,5.930395382118817,True
nonlinear_near,action,0.01,1,0.007527431924721652,0.0031044668324478053,0.009827760710752375,5.817202508136103,True
nonlinear_near,action,0.01,2,0.007490685702699128,0.01069100786737387,0.006945274916553714,5.893945334944265,True
nonlinear_near,action,0.01,3,0.0073904654880149155,0.009348863090085313,0.01987922487670162,6.0522767842219665,True
nonlinear_near,action,0.01,4,0.007405513289625084,0.005974247785345277,0.009391865432485172,6.187827193005595,True
nonlinear_near,action,0.01,5,0.0069338230552724945,8.517772602800733e-05,0.006646581287721537,6.477968763626317,True
nonlinear_near,action,0.01,6,0.007510574935708619,0.0006352520793990735,0.0020516902122619976,6.50639336976866,True
nonlinear_near,action,0.01,7,0.007157440224868378,0.002018412378378187,0.0053134390657540356,6.185225919708667,True
nonlinear_near,action,0.01,8,0.0070061632513655145,0.004137148926866896,0.01578257710000871,6.0686145798509115,True
nonlinear_near,action,0.01,9,0.007351603760424588,0.004544579715426433,0.010552751016467113,6.292258913221001,True
nonlinear_near,action,0.01,10,0.006918453278620192,0.011935413630844938,0.020320555715710235,6.4352881749749535,True
nonlinear_near,action,0.01,11,0.007430904300680782,0.009167746000458887,0.018893678175676568,6.208217667901574,True
nonlinear_near,action,0.01,12,0.008089213513659124,5.0505674430212366e-05,0.02364732347693338,6.601774589189725,True
nonlinear_near,action,0.01,13,0.007103758175953458,0.014769252488931794,0.00791858554123399,6.179768706606207,True
nonlinear_near,action,0.01,14,0.007667321284044697,0.006099027703716953,0.007771638422065403,6.108244897067105,True
nonlinear_near,action,0.01,15,0.007264800539839905,0.005807370361293085,0.0002980682587035138,6.005567952676909,True
nonlinear_near,action,0.01,16,0.007526089098629322,0.0073994693673866685,0.011262701152522684,6.043678207418679,True
nonlinear_near,action,0.01,17,0.007500260828750082,0.004018009013619039,0.0038983298118262216,6.193446571594629,True
nonlinear_near,action,0.01,18,0.007168459659806249,0.0021990158225433376,0.014757549149887264,6.157463566340023,True
nonlinear_near,action,0.01,19,0.007198749830004534,0.014124894673351651,0.01313351508504122,6.256258677548487,True
nonlinear_near,action,0.01,20,0.007332971625412848,0.006225090128959554,0.0023166170526803262,6.435665069229931,True
nonlinear_near,action,0.01,21,0.0073712090834130595,0.009332589942795622,0.010738705184426765,6.225626973245429,True
nonlinear_near,action,0.01,22,0.007401982355758933,0.004130693901397642,0.005589916463471201,6.4227149829718755,True
nonlinear_near,action,0.01,23,0.007372894527585077,0.0048105748918096936,0.01631175492282119,6.348324964923385,True
nonlinear_near,action,0.01,24,0.007491091981206847,0.008811646869534506,0.0007560413876271846,6.2694158516244745,True
nonlinear_near,action,0.01,25,0.007435305898599955,0.008075522706736837,0.017984361223284253,6.334161045355065,True
nonlinear_near,action,0.01,26,0.00750122750521377,0.008342816332408631,0.008236127917969249,6.124504224300465,True
nonlinear_near,action,0.01,27,0.00736103392540895,0.009528099055802208,0.023445332004154044,6.272929919065958,True
nonlinear_near,action,0.01,28,0.007466470949794453,0.004030929595517652,0.006488508681695275,6.394490613822808,True
nonlinear_near,action,0.01,29,0.006861893397644568,0.0047746824715781955,0.018330810122394212,6.267072376970703,True
nonlinear_near,action,0.03,0,0.022717710092263897,0.029093059677955946,0.01515911763633207,5.418819902652441,True
nonlinear_near,action,0.03,1,0.022589141845741286,0.009598272674346209,0.02800900750954269,5.079241280704299,True
nonlinear_near,action,0.03,2,0.02282948768541702,0.03401209264521432,0.02284902769312065,5.309469761128786,True
nonlinear_near,action,0.03,3,0.022000930165875992,0.02932009310708894,0.060349043966009375,5.78446410896189,True
nonlinear_near,action,0.03,4,0.021433728655780564,0.019544946760641224,0.028506421440324253,6.191115335312776,True
nonlinear_near,action,0.03,5,0.01757293184629134,0.0011924446424997903,0.01984946329462145,7.06154004717494,True
nonlinear_near,action,0.03,6,0.02311655900371357,0.0022761466932808005,0.004230922463900903,7.14681386560197,True
nonlinear_near,action,0.03,7,0.019599348773588637,0.005147301334424537,0.01737136926859688,6.183311515421994,True
nonlinear_near,action,0.03,8,0.018303077111120843,0.012946823793897,0.04738929795138984,5.833477495848725,True
nonlinear_near,action,0.03,9,0.021585942466922928,0.01351647578064652,0.0330422102069544,6.504410495958995,True
nonlinear_near,action,0.03,10,0.017569834446435343,0.036557737864312045,0.06280034118222237,6.933498281220849,True
nonlinear_near,action,0.03,11,0.022025374873960196,0.024531196402056032,0.05599418802205289,6.252286760000713,True
nonlinear_near,action,0.03,12,0.027268962031835063,0.00227459297121424,0.06798624654917641,7.432957523865166,True
nonlinear_near,action,0.03,13,0.019531167127545764,0.04835265050355142,0.025578128934347653,6.166939876114611,True
nonlinear_near,action,0.03,14,0.02388025425845681,0.0200798659901662,0.02554538222567833,5.952368447497307,True
nonlinear_near,action,0.03,15,0.020469156913906907,0.017576582558300746,0.0005783161709712702,5.6443376143267185,True
nonlinear_near,action,0.03,16,0.02296908879830403,0.023162630007996565,0.03414396848298882,5.758668378552025,True
nonlinear_near,action,0.03,17,0.022682381127508887,0.012369778707792545,0.012265712111841522,6.207973471079878,True
nonlinear_near,action,0.03,18,0.019685088731999024,0.007848453937882471,0.044875939117087815,6.100024455316058,True
nonlinear_near,action,0.03,19,0.020455136816985676,0.043719309625862124,0.03955581428630513,6.396409788941454,True
nonlinear_near,action,0.03,20,0.021074237631470885,0.020884239142032524,0.006267866977685681,6.9346289639857845,True
nonlinear_near,action,0.03,21,0.02188252947665908,0.027788799933150532,0.03229662243002638,6.304514676032278,True
nonlinear_near,action,0.03,22,0.022054574124263263,0.012034948567419157,0.016519324420113255,6.895778705211617,True
nonlinear_near,action,0.03,23,0.021048502769126506,0.012262195043524216,0.04999983760436053,6.6726086510661435,True
nonlinear_near,action,0.03,24,0.022493895018589387,0.027062474091183564,0.0037142722128516727,6.435881311169415,True
nonlinear_near,action,0.03,25,0.0219896959054179,0.02616995885754214,0.0551639590702342,6.630116892361188,True
nonlinear_near,action,0.03,26,0.022523068300629622,0.027589846978175014,0.02312840334197447,6.001146429197387,True
nonlinear_near,action,0.03,27,0.021538870028343884,0.02954478518663395,0.07268352998541272,6.446423513493865,True
nonlinear_near,action,0.03,28,0.022457393512405478,0.01236745002005879,0.01951460178757839,6.811105597764414,True
nonlinear_near,action,0.03,29,0.01766345271377761,0.013480611715280588,0.05494520212212848,6.4288508872081,True
nonlinear_near,action,0.06,0,0.06795757979075844,0.05877043117926073,0.030317730047313002,7.801863362269016,True
nonlinear_near,action,0.06,1,0.06657730404209095,0.018984335333112945,0.051582088554874075,8.158944836452166,True
nonlinear_near,action,0.06,2,0.07121727851808604,0.0820587401178563,0.058473660147050965,8.345313184703638,True
nonlinear_near,action,0.06,3,0.07084069593718817,0.06609864425792544,0.12667254173449033,7.010802352525182,True
nonlinear_near,action,0.06,4,0.06379097220713312,0.048822271043921006,0.05796288224646211,9.25673129844061,True
nonlinear_near,action,0.06,5,0.049817367339310824,0.0078220838340739,0.038921648486053124,7.936896972497876,True
nonlinear_near,action,0.06,6,0.07505781515669042,0.009539815870823531,0.006081276295730553,8.709967098177783,True
nonlinear_near,action,0.06,7,0.05823196475660161,0.004264581163722969,0.041956590890836226,7.841073049027089,True
nonlinear_near,action,0.06,8,0.05315024334372744,0.02947117162990409,0.0963056892838903,6.156660933793626,True
nonlinear_near,action,0.06,9,0.06578894772756437,0.02604050902857935,0.0740865000559901,8.25316666611647,True
nonlinear_near,action,0.06,10,0.05049128722982455,0.07707260841720487,0.13366532527935215,7.680813440589695,True
nonlinear_near,action,0.06,11,0.06727129567858231,0.04196879819183197,0.11161730367727023,8.817587421985627,True
nonlinear_near,action,0.06,12,0.08488083572709178,0.014392031389021565,0.12229092713223887,9.813103485462934,True
nonlinear_near,action,0.06,13,0.05840545805003841,0.1215905329374869,0.06167857810464658,8.318484057534258,True
nonlinear_near,action,0.06,14,0.07230103406903371,0.04776016722317511,0.06123114228409913,11.094562217898657,True
nonlinear_near,action,0.06,15,0.061187509596834826,0.03520768500752114,0.0001178187667433901,7.284514820351279,True
nonlinear_near,action,0.06,16,0.07113163288889413,0.04997081808380033,0.06924117258431045,8.17684054847687,True
nonlinear_near,action,0.06,17,0.07087484116723987,0.026447751083188198,0.026616084080822094,7.844099916416141,True
nonlinear_near,action,0.06,18,0.05757700234537024,0.015870406423105,0.09150412547086559,8.024778571670439,True
nonlinear_near,action,0.06,19,0.06610052516967246,0.09370116015495977,0.07989759883361613,6.8005952595372445,True
nonlinear_near,action,0.06,20,0.06200997499019814,0.05425318336332019,0.008137691831270501,9.071128460850892,True
nonlinear_near,action,0.06,21,0.06960328392019602,0.053252430322932476,0.06416667095191901,8.223892827543688,True
nonlinear_near,action,0.06,22,0.07090936549453544,0.024572962148891264,0.03054328235356605,8.024865624113522,True
nonlinear_near,action,0.06,23,0.05982755831587922,0.02059926651369448,0.10114233174445802,9.119226265784787,True
nonlinear_near,action,0.06,24,0.06715433528408807,0.05853742000686957,0.01616915424398354,9.778878548301975,True
nonlinear_near,action,0.06,25,0.06529186788969002,0.06293257973101563,0.11714452995473468,8.289192637424826,True
nonlinear_near,action,0.06,26,0.06615563430845348,0.0627831916159649,0.041546372129508395,8.087162698011408,True
nonlinear_near,action,0.06,27,0.06540536624579053,0.06191761351545644,0.15481606899258984,7.523569389049245,True
nonlinear_near,action,0.06,28,0.06923621917875059,0.025557974438176423,0.038076650266552305,7.9834905083504575,True
nonlinear_near,action,0.06,29,0.05535269500028771,0.024403156156064476,0.11019548045525863,6.746373221812523,True
nonlinear_near,action,0.1,0,0.15531135907189952,0.10141018018237791,0.048701347735345804,11.666683663227404,True
nonlinear_near,action,0.1,1,0.15212907385659089,0.020615299632726902,0.1012283437090098,12.946512052605033,True
nonlinear_near,action,0.1,2,0.20096717501333214,0.19923327765945853,0.13621563933590936,12.912128890765839,True
nonlinear_near,action,0.1,3,0.4001674190687182,0.794370647951288,31.29542359286417,20.0,False
nonlinear_near,action,0.1,4,0.15579310782889402,0.12801744090886746,0.09111409453891037,14.646821126179143,True
nonlinear_near,action,0.1,5,0.1176585126624249,0.03503649724301683,0.06099413268785067,10.950124305178665,True
nonlinear_near,action,0.1,6,0.5263499655075459,1.3242203827063541,11.834314233936563,20.0,False
nonlinear_near,action,0.1,7,0.1362739461170642,0.015052890607404557,0.08923705449945667,12.098993601982642,True
nonlinear_near,action,0.1,8,0.12197445920846366,0.06689335447735179,0.16799098038603563,10.460366583022326,True
nonlinear_near,action,0.1,9,0.17083518932148237,0.017788480976910215,0.12949656888092947,12.672519911505201,True
nonlinear_near,action,0.1,10,0.11636419891307169,0.14040159266751928,0.25028772878188454,10.442287575516639,True
nonlinear_near,action,0.1,11,0.17717820696406147,0.05801444450880844,0.18750808791020432,13.182653776725605,True
nonlinear_near,action,0.1,12,0.25232893814718366,0.0020356755645334346,0.1846136000878271,15.78114424851277,True
nonlinear_near,action,0.1,13,0.136656778573249,0.282058905369976,0.1370823425241708,13.274169910472397,False
nonlinear_near,action,0.1,14,0.17833203974726347,0.09935995103095463,0.11854212286731501,16.449492216855496,True
nonlinear_near,action,0.1,15,0.1458569530841995,0.05797337530349056,0.0020641123841540028,11.823891832632466,True
nonlinear_near,action,0.1,16,0.17578802732136556,0.088785657493609,0.10828455421096699,13.731750540615165,True
nonlinear_near,action,0.1,17,0.4197777083867913,2.611455223594307,5.714231472058626,20.0,False
nonlinear_near,action,0.1,18,0.14780249698151107,0.003390751962314198,0.15033143124979503,12.929959137692641,True
nonlinear_near,action,0.1,19,0.3509667612915825,0.9393865538020272,15.117086168803475,20.0,False
nonlinear_near,action,0.1,20,0.14200715164082073,0.13505263348092988,0.00309327694757385,13.936647430001344,True
nonlinear_near,action,0.1,21,0.18977722121332014,0.08976795116329717,0.10505359422438884,10.656165167093311,True
nonlinear_near,action,0.1,22,0.6242277355066911,1.874549566194208,124.0993140587207,20.0,False
nonlinear_near,action,0.1,23,0.1329083982208193,0.030358084432035692,0.1726138605437466,12.518984893785394,True
nonlinear_near,action,0.1,24,0.15538227863658577,0.1294928114656062,0.07061439637119625,14.202771108671381,True
nonlinear_near,action,0.1,25,0.15182360354746152,0.1939544220336713,0.2482128411634799,13.260553686548985,True
nonlinear_near,action,0.1,26,0.15101331850859956,0.10352763532810894,0.06240635358520387,13.460493759158286,True
nonlinear_near,action,0.1,27,0.16242698945368478,0.11337790967821482,0.2890379499134151,15.572700705293556,True
nonlinear_near,action,0.1,28,0.18352445209000057,0.0409140005166897,0.030330279486555443,12.867028721014393,True
nonlinear_near,action,0.1,29,0.1890307979009969,0.030261520769204964,0.17917331564520095,16.661677160194113,True
nonlinear_near,process,0.0,0,0.005540379788876377,8.323381428532173e-07,5.986922199001699e-06,6.186183121852005,True
nonlinear_near,process,0.0,1,0.005540379788876377,8.323381428532173e-07,5.986922199001699e-06,6.186183121852005,True
nonlinear_near,process,0.0,2,0.005540379788876377,8.323381428532173e-07,5.986922199001699e-06,6.186183121852005,True
nonlinear_near,process,0.0,3,0.005540379788876377,8.323381428532173e-07,5.986922199001699e-06,6.186183121852005,True
nonlinear_near,process,0.0,4,0.005540379788876377,8.323381428532173e-07,5.986922199001699e-06,6.186183121852005,True
nonlinear_near,process,0.0,5,0.005540379788876377,8.323381428532173e-07,5.986922199001699e-06,6.186183121852005,True
nonlinear_near,process,0.0,6,0.005540379788876377,8.323381428532173e-07,5.986922199001699e-06,6.186183121852005,True
nonlinear_near,process,0.0,7,0.005540379788876377,8.323381428532173e-07,5.986922199001699e-06,6.186183121852005,True
nonlinear_near,process,0.0,8,0.005540379788876377,8.323381428532173e-07,5.986922199001699e-06,6.186183121852005,True
nonlinear_near,process,0.0,9,0.005540379788876377,8.323381428532173e-07,5.986922199001699e-06,6.186183121852005,True
nonlinear_near,process,0.0,10,0.005540379788876377,8.323381428532173e-07,5.986922199001699e-06,6.186183121852005,True
nonlinear_near,process,0.0,11,0.005540379788876377,8.323381428532173e-07,5.986922199001699e-06,6.186183121852005,True
nonlinear_near,process,0.0,12,0.005540379788876377,8.323381428532173e-07,5.986922199001699e-06,6.186183121852005,True
nonlinear_near,process,0.0,13,0.005540379788876377,8.323381428532173e-07,5.986922199001699e-06,6.186183121852005,True
nonlinear_near,process,0.0,14,0.005540379788876377,8.323381428532173e-07,5.986922199001699e-06,6.186183121852005,True
nonlinear_near,process,0.0,15,0.005540379788876377,8.323381428532173e-07,5.986922199001699e-06,6.186183121852005,True
nonlinear_near,process,0.0,16,0.005540379788876377,8.323381428532173e-07,5.986922199001699e-06,6.186183121852005,True
nonlinear_near,process,0.0,17,0.005540379788876377,8.323381428532173e-07,5.986922199001699e-06,6.186183121852005,True
nonlinear_near,process,0.0,18,0.005540379788876377,8.323381428532173e-07,5.986922199001699e-06,6.186183121852005,True
nonlinear_near,process,0.0,19,0.005540379788876377,8.323381428532173e-07,5.986922199001699e-06,6.186183121852005,True
nonlinear_near,process,0.0,20,0.005540379788876377,8.323381428532173e-07,5.986922199001699e-06,6.186183121852005,True
nonlinear_near,process,0.0,21,0.005540379788876377,8.323381428532173e-07,5.986922199001699e-06,6.186183121852005,True
nonlinear_near,process,0.0,22,0.005540379788876377,8.323381428532173e-07,5.986922199001699e-06,6.186183121852005,True
nonlinear_near,process,0.0,23,0.005540379788876377,8.323381428532173e-07,5.986922199001699e-06,6.186183121852005,True
nonlinear_near,process,0.0,24,0.005540379788876377,8.323381428532173e-07,5.986922199001699e-06,6.186183121852005,True
nonlinear_near,process,0.0,25,0.005540379788876377,8.323381428532173e-07,5.986922199001699e-06,6.186183121852005,True
nonlinear_near,process,0.0,26,0.005540379788876377,8.323381428532173e-07,5.986922199001699e-06,6.186183121852005,True
nonlinear_near,process,0.0,27,0.005540379788876377,8.323381428532173e-07,5.986922199001699e-06,6.186183121852005,True
nonlinear_near,process,0.0,28,0.005540379788876377,8.323381428532173e-07,5.986922199001699e-06,6.186183121852005,True
nonlinear_near,process,0.0,29,0.005540379788876377,8.323381428532173e-07,5.986922199001699e-06,6.186183121852005,True
nonlinear_near,process,0.005,0,0.01774044477993954,0.028264826668489285,0.1480574564515293,6.186183121852005,True
nonlinear_near,process,0.005,1,0.02074142407611031,0.021180387352830454,0.07569910173530763,6.186183121852005,True
nonlinear_near,process,0.005,2,0.021327789852506083,0.007600359301974446,0.05393073616648555,6.186183121852005,True
nonlinear_near,process,0.005,3,0.01785171157653979,0.01580255391785279,0.02083087990743672,6.186183121852005,True
nonlinear_near,process,0.005,4,0.020807096684670234,0.08776951495561791,0.1138115235928764,6.186183121852005,True
nonlinear_near,process,0.005,5,0.024970009614168384,0.03611276716387035,0.014791044671012606,6.186183121852005,True
nonlinear_near,process,0.005,6,0.023824729329115446,0.04437555900778278,0.027444299123562187,6.186183121852005,True
nonlinear_near,process,0.005,7,0.023638275926658694,0.0016619088194658183,0.059426936634606506,6.186183121852005,True
nonlinear_near,process,0.005,8,0.02561207763754186,0.026247714443992987,0.10436694264770059,6.186183121852005,True
nonlinear_near,process,0.005,9,0.022212338575393856,0.021584981451728602,0.06139385544029042,6.186183121852005,True
nonlinear_near,process,0.005,10,0.021717441924083376,0.00235324370633494,0.12254481947784827,6.186183121852005,True
nonlinear_near,process,0.005,11,0.03259681070347176,0.05441122632946671,0.15351024704456534,6.186183121852005,True
nonlinear_near,process,0.005,12,0.02487728880912317,0.0018141683025310051,0.1564300902185466,6.186183121852005,True
nonlinear_near,process,0.005,13,0.018579561679468767,0.007718756663384951,0.049172022553860294,6.186183121852005,True
nonlinear_near,process,0.005,14,0.02860268786128861,0.013647109545193992,0.13982863652893152,6.186183121852005,True
nonlinear_near,process,0.005,15,0.026433617635865877,0.002046454250196561,0.058681828020771896,6.186183121852005,True
nonlinear_near,process,0.005,16,0.018328167931954614,0.025285742820476464,0.052901488214868134,6.186183121852005,True
nonlinear_near,process,0.005,17,0.01949707921667882,0.03966767284947448,0.09040284345315605,6.186183121852005,True
nonlinear_near,process,0.005,18,0.023905902366179118,0.046102980417634054,0.1435862613522149,6.186183121852005,True
nonlinear_near,process,0.005,19,0.024516430460985065,0.00892923452746075,0.024819714718664,6.186183121852005,True
nonlinear_near,process,0.005,20,0.020503509933350057,0.0868758240780676,0.06425641027643939,6.186183121852005,True
nonlinear_near,process,0.005,21,0.018471591772418833,0.04967490288324372,0.08913781227513966,6.186183121852005,True
nonlinear_near,process,0.005,22,0.04107728968725243,0.0024803171736240692,0.007524138243078276,6.186183121852005,True
nonlinear_near,process,0.005,23,0.03151699505479286,0.006041264652015155,0.03479570157855058,6.186183121852005,True
nonlinear_near,process,0.005,24,0.028541602248447845,0.006864596191146433,0.1257733814717972,6.186183121852005,True
nonlinear_near,process,0.005,25,0.02032765398958504,0.06599765553459669,0.11692103730592271,6.186183121852005,True
nonlinear_near,process,0.005,26,0.019759024362159452,0.009990749049216596,0.012886049625142943,6.186183121852005,True
nonlinear_near,process,0.005,27,0.029334031335443204,0.07376333540353075,0.0823155424765388,6.186183121852005,True
nonlinear_near,process,0.005,28,0.027049821816471326,0.07539309248240533,0.021490148929771052,6.186183121852005,True
nonlinear_near,process,0.005,29,0.030275081036978336,0.036616508787035595,0.08561833698779775,6.186183121852005,True
nonlinear_near,process,0.01,0,0.0685449408060294,0.04082550225652337,0.2941145335633748,6.186183121852005,True
nonlinear_near,process,0.01,1,0.08845147352149983,0.050637404250608586,0.1517881098696006,6.317933775938394,True
nonlinear_near,process,0.01,2,0.06973409895921338,0.013452675956314941,0.07587763763083087,7.280930993241146,True
nonlinear_near,process,0.01,3,0.04965292917317761,0.02646784047680306,0.04464731877962188,6.186183121852005,True
nonlinear_near,process,0.01,4,0.06411072140145742,0.15712808472504003,0.2038307477658899,6.186183121852005,True
nonlinear_near,process,0.01,5,0.08573865625186335,0.07410272521432004,0.01915108159775847,6.297483713463677,True
nonlinear_near,process,0.01,6,0.08034063653569877,0.09790443325846798,0.042976494967528284,6.186183121852005,True
nonlinear_near,process,0.01,7,0.7246944118747682,1.3312055117727155,236.27875944399173,20.0,False
nonlinear_near,process,0.01,8,0.43437702507703446,0.8645172335207416,7.202568960748555,19.999999999989967,False
nonlinear_near,process,0.01,9,0.08159532373042692,0.04030368000560358,0.11359814224760435,6.279158422026835,True
nonlinear_near,process,0.01,10,0.07668267303525682,0.06257236084591611,0.32913094031987367,6.186183121852005,True
nonlinear_near,process,0.01,11,0.686671361250568,0.817474950822195,8.623817453341816,19.999999999992873,False
nonlinear_near,process,0.01,12,0.13998539783862046,0.8204942476361157,0.3654634529958953,17.287594460567494,False
nonlinear_near,process,0.01,13,0.0617912864033872,0.015869204400442705,0.10824640760458426,6.186183121852005,True
nonlinear_near,process,0.01,14,0.3195496309007112,3.1323756461602965,6.804778536003634,19.999999999994877,False
nonlinear_near,process,0.01,15,0.42432668026506076,1.2777514171250561,34.59351121106027,20.0,False
nonlinear_near,process,0.01,16,0.05370172796268582,0.05320783676260632,0.1145625964303372,6.186183121852005,True
nonlinear_near,process,0.01,17,0.06381858118228481,0.06848702318454913,0.169828240841201,6.186183121852005,True
nonlinear_near,process,0.01,18,0.09456387365942073,0.18648897317402646,0.32158042809699927,8.05893323752065,True
nonlinear_near,process,0.01,19,0.47990194340986353,0.548276690188878,13.709300089639335,20.0,False
nonlinear_near,process,0.01,20,0.29758713491249716,2.943616735895531,27.65241847084256,20.0,False
nonlinear_near,process,0.01,21,0.05773766318478952,0.0900372095474804,0.17370247891988663,6.186183121852005,True
nonlinear_near,process,0.01,22,0.8478485492141584,3.0715532388245537,9.22800902732482,19.999999999998433,False
nonlinear_near,process,0.01,23,0.6272792211152439,2.0289221957400576,7.651393249370405,19.999999999991882,False
nonlinear_near,process,0.01,24,0.09578316344854601,0.018954765541642438,0.23268519407041538,7.654855236823694,True
nonlinear_near,process,0.01,25,0.06396926476769131,0.10833724579127413,0.2352035845866955,6.186183121852005,True
nonlinear_near,process,0.01,26,0.06175245571971908,0.04566177459468079,0.00857629881635026,7.188794539194099,True
nonlinear_near,process,0.01,27,0.14630129194906347,0.33746667276647324,0.1755478093822256,9.851717287244854,False
nonlinear_near,process,0.01,28,0.10065550600483751,0.10717873375691944,0.1080385139275372,6.356948459206988,True
nonlinear_near,process,0.01,29,0.11598677607664531,0.050383970697136515,0.2159084354641495,7.6051561364818445,True
nonlinear_near,process,0.03,0,0.9437107798856996,3.008582897450415,11.067613736074525,19.999999999999922,False
nonlinear_near,process,0.03,1,0.9492011425200535,0.5846433580423338,13.749148410926416,20.0,False
nonlinear_near,process,0.03,2,0.976586986025817,1.4967274640437198,10.239201611057563,20.0,False
nonlinear_near,process,0.03,3,0.8512227762901596,2.9845383626128665,8.600027642706301,19.99999999999942,False
nonlinear_near,process,0.03,4,0.9526431994907119,3.0340832636457353,8.99583999773852,20.0,False
nonlinear_near,process,0.03,5,0.9148690342399229,3.099265889368583,27.25236152168344,20.0,False
nonlinear_near,process,0.03,6,0.9339168733749881,0.5263156042000556,20.40853723466969,20.0,False
nonlinear_near,process,0.03,7,0.876774075169874,2.7519504770858862,11.607586601294887,20.0,False
nonlinear_near,process,0.03,8,0.9590189662140508,0.03440512172622068,443.18824340925823,20.0,True
nonlinear_near,process,0.03,9,0.9334635262522355,1.8297330582354514,493.59315638920737,20.0,False
nonlinear_near,process,0.03,10,0.8766826194847729,2.5060181301957773,10.459568236057294,20.0,False
nonlinear_near,process,0.03,11,0.9791096062918931,0.6564484846318184,515.9337508538392,20.0,False
nonlinear_near,process,0.03,12,0.8542290154149141,2.6971124567711913,10.308421675032156,20.0,False
nonlinear_near,process,0.03,13,0.7688166432853543,1.6272794681144747,8.602248103916564,19.999999999999638,False
nonlinear_near,process,0.03,14,0.9147404483935828,2.508897756178075,9.488392732712581,19.99999999999917,False
nonlinear_near,process,0.03,15,0.92397720775588,2.6948287589662536,9.414731041895859,19.999999999999993,False
nonlinear_near,process,0.03,16,0.887941014615495,3.047858244158853,9.200488893414892,19.999999999999446,False
nonlinear_near,process,0.03,17,0.8669977461336105,2.651338641456822,337.79830672567124,20.0,False
nonlinear_near,process,0.03,18,0.6739493878319599,1.1820987189923642,15.86789781471063,20.0,False
nonlinear_near,process,0.03,19,0.801174526745023,0.5737362206171865,231.9026878518738,20.0,False
nonlinear_near,process,0.03,20,0.8811578253065089,2.5311279730465306,9.624221462279374,19.999999999999996,False
nonlinear_near,process,0.03,21,0.870416556560557,0.21353766868848156,268.9078036456048,20.0,True
nonlinear_near,process,0.03,22,0.9536926416242832,2.52368453517031,8.800493177493756,20.0,False
nonlinear_near,process,0.03,23,0.9575619616865102,2.2422225283595347,10.113665809076172,20.0,False
nonlinear_near,process,0.03,24,0.9610088768276865,2.127895461718259,470.67717074071453,20.0,False
nonlinear_near,process,0.03,25,0.8734587195970209,1.5112335503579932,11.272245907328335,20.0,False
nonlinear_near,process,0.03,26,0.7707873160150579,1.165345139292795,237.83763811365066,20.0,False
nonlinear_near,process,0.03,27,0.9278699205950584,2.7621127429703503,11.75665950567069,20.0,False
nonlinear_near,process,0.03,28,0.932654281686485,2.1252292786541545,395.1007946787965,20.0,False
nonlinear_near,process,0.03,29,0.8077630092818155,1.1583331810813395,217.36997745251966,20.0,False
nonlinear_near,process,0.06,0,0.9739271519482309,2.444248520447518,13.218637015061471,20.0,False
nonlinear_near,process,0.06,1,0.9794484245206727,2.533544239604327,584.2650545081101,20.0,False
nonlinear_near,process,0.06,2,0.9940332935541493,1.4969690213397415,570.4338916097001,20.0,False
nonlinear_near,process,0.06,3,0.9317260508612872,1.9367460093135245,400.1960642818739,20.0,False
nonlinear_near,process,0.06,4,0.9821208475398682,2.3943642193818073,582.500675329468,20.0,False
nonlinear_near,process,0.06,5,0.9710304598356863,2.9778440364104775,11.126848003589785,19.999999999999662,False
nonlinear_near,process,0.06,6,0.9716235380781214,0.9152813904901436,8.066881428270873,19.99999999990012,False
nonlinear_near,process,0.06,7,0.953547902598441,2.556298886473046,23.766745508162163,20.0,False
nonlinear_near,process,0.06,8,0.9822249886106456,0.6653650200450958,502.3250152476126,20.0,False
nonlinear_near,process,0.06,9,0.9657707162819696,0.05184296863132154,501.06158889490007,20.0,True
nonlinear_near,process,0.06,10,0.9507860635935858,0.6288357159840992,465.861678213108,20.0,False
nonlinear_near,process,0.06,11,0.9918580360954138,1.1888232015804352,565.4233831007792,20.0,False
nonlinear_near,process,0.06,12,0.9618217438072211,1.8179959662410496,5.85257550314135,19.999999996985178,False
nonlinear_near,process,0.06,13,0.9346859571548979,0.5514344681706609,457.27154837984455,20.0,False
nonlinear_near,process,0.06,14,0.96284022731455,2.6675634394302232,9.528704137923594,19.999999999999996,False
nonlinear_near,process,0.06,15,0.9677832903370943,0.11847004432157959,22.740381056922192,20.0,True
nonlinear_near,process,0.06,16,0.948495317025652,0.03562144168625281,20.670594233496168,20.0,True
nonlinear_near,process,0.06,17,0.969882398733829,2.435771503681277,519.5776992416173,20.0,False
nonlinear_near,process,0.06,18,0.9447317604816037,1.9891932443180078,6.621771521626223,19.99999999999999,False
nonlinear_near,process,0.06,19,0.9390345208688965,2.9412211707332077,10.009839865550024,19.999999999999815,False
nonlinear_near,process,0.06,20,0.9793455973921243,1.0690238527526352,398.8837093043783,20.0,False
nonlinear_near,process,0.06,21,0.9452493694269729,2.478463824583905,19.72268226243313,20.0,False
nonlinear_near,process,0.06,22,0.9823602749145506,3.0025748168906903,12.613427987456806,20.0,False
nonlinear_near,process,0.06,23,0.9700496874930978,1.0636529389750882,622.3937903312487,20.0,False
nonlinear_near,process,0.06,24,0.9848929615548889,2.4213245948508737,12.397222428810577,20.0,False
nonlinear_near,process,0.06,25,0.9069218856075941,1.5484918906545193,430.36948898943484,20.0,False
nonlinear_near,process,0.06,26,0.8466451923052835,2.320714149795089,5.11649841733378,19.999999992459998,False
nonlinear_near,process,0.06,27,0.9712664104259773,0.6783511560919226,32.305637752582264,20.0,False
nonlinear_near,process,0.06,28,0.9732342822779819,0.9575786893787637,403.7564359943968,20.0,False
nonlinear_near,process,0.06,29,0.9642717269988815,1.5873681295560855,10.713613776159361,20.0,False
nonlinear_near,process,0.1,0,0.9846051952821663,0.7827670403745199,586.1171479304496,20.0,False
nonlinear_near,process,0.1,1,0.9940919571104685,0.5060541234603653,586.899614472138,20.0,False
nonlinear_near,process,0.1,2,0.9909659443846579,0.752265331956834,2.415492753857217,20.0,False
nonlinear_near,process,0.1,3,0.984270803449211,1.7164620279092242,10.527607610864429,20.0,False
nonlinear_near,process,0.1,4,0.9897868972896723,1.0796470344241973,558.5021121182848,20.0,False
nonlinear_near,process,0.1,5,0.9906384909405377,1.589750394832302,15.298741262282359,20.0,False
nonlinear_near,process,0.1,6,0.9962363067457989,2.5488653237601437,12.402152446910547,20.0,False
nonlinear_near,process,0.1,7,0.9839516348743662,0.9210458640990868,567.7051530899478,20.0,False
nonlinear_near,process,0.1,8,0.9927162988375904,0.25068384472067873,566.5400446536155,20.0,False
nonlinear_near,process,0.1,9,0.9766537974484086,3.07729009216001,10.216873020649025,20.0,False
nonlinear_near,process,0.1,10,0.9697139365155913,2.9220738346529895,287.5805736169301,20.0,False
nonlinear_near,process,0.1,11,0.9947048963601389,1.0957993927038938,530.4386064727792,20.0,False
nonlinear_near,process,0.1,12,0.9925753739538338,1.5965917681394242,18.30544526243294,20.0,False
nonlinear_near,process,0.1,13,0.9535020461167049,0.4824809890446553,424.7741559757725,20.0,False
nonlinear_near,process,0.1,14,0.983919759357747,0.2984288097387875,15.558133602962808,20.0,False
nonlinear_near,process,0.1,15,0.9943298563512944,2.226432180539442,11.872867372247246,20.0,False
nonlinear_near,process,0.1,16,0.9829858374429837,2.1509319474971402,541.27199943857,20.0,False
nonlinear_near,process,0.1,17,0.9936700874614327,1.1545217598526492,27.922656599449667,20.0,False
nonlinear_near,process,0.1,18,0.9864245166929627,0.5186608137781903,11.604770090098869,20.0,False
nonlinear_near,process,0.1,19,0.9939325923823901,2.8373612280601086,559.979701528502,20.0,False
nonlinear_near,process,0.1,20,0.9892302025934795,0.35295783680210624,35.9617927463535,20.0,False
nonlinear_near,process,0.1,21,0.9689961390828917,0.6868803796724308,20.21811613281033,20.0,False
nonlinear_near,process,0.1,22,0.9957968125250163,3.002687549199561,9.588865759792355,20.0,False
nonlinear_near,process,0.1,23,0.9812575033014534,2.029824625498395,681.7730075156106,20.0,False
nonlinear_near,process,0.1,24,0.9919198356891499,1.441168135559626,14.218462755866927,20.0,False
nonlinear_near,process,0.1,25,0.9418255208713359,1.5230052949320134,451.8484967298601,20.0,False
nonlinear_near,process,0.1,26,0.9108454482102926,2.2967921612416866,13.627668774136396,20.0,False
nonlinear_near,process,0.1,27,0.9846530078917096,1.9649366831682737,518.0581630016717,20.0,False
nonlinear_near,process,0.1,28,0.9841515072941153,1.2710161930457788,12.50600751309108,20.0,False
nonlinear_near,process,0.1,29,0.9750227767066105,2.028118312587764,9.187361847606727,20.0,False
